timestamp,tx0_k0,tx0_k1,tx0_k2,tx0_k3,tx0_k4,tx1_k0,tx1_k1,tx1_k2,tx1_k3,tx1_k4,tx2_k0,tx2_k1,tx2_k2,tx2_k3,tx2_k4,tx3_k0,tx3_k1,tx3_k2,tx3_k3,tx3_k4,tx4_k0,tx4_k1,tx4_k2,tx4_k3,tx4_k4,tx5_k0,tx5_k1,tx5_k2,tx5_k3,tx5_k4,tx6_k0,tx6_k1,tx6_k2,tx6_k3,tx6_k4,tx7_k0,tx7_k1,tx7_k2,tx7_k3,tx7_k4
1777273541.924725,0.199800,0.090200,0.064500,0.030100,0.176200,0.595100,0.275000,0.023600,0.049400,0.126800,0.294300,0.045100,0.038700,0.023600,0.066600,0.055900,0.043000,0.036500,0.040800,0.238500,0.096700,0.027900,0.030100,0.255700,0.562900,0.202000,0.032200,0.053700,0.060200,0.260000,0.197700,0.051600,0.073000,0.098800,0.204100,0.221300,0.055900,0.049400,0.094500,0.182600
1777273542.408097,0.197700,0.090200,0.064500,0.030100,0.176200,0.597300,0.275000,0.038700,0.032200,0.124600,0.292200,0.032200,0.030100,0.030100,0.058000,0.060200,0.021500,0.023600,0.034400,0.238500,0.096700,0.045100,0.040800,0.257800,0.565000,0.199800,0.032200,0.058000,0.055900,0.262100,0.197700,0.053700,0.066600,0.098800,0.204100,0.221300,0.053700,0.049400,0.094500,0.182600
1777273542.892185,0.197700,0.090200,0.064500,0.030100,0.176200,0.595100,0.275000,0.040800,0.021500,0.122500,0.290000,0.038700,0.045100,0.023600,0.060200,0.064500,0.021500,0.027900,0.019300,0.236300,0.098800,0.043000,0.040800,0.251400,0.567200,0.199800,0.032200,0.055900,0.060200,0.260000,0.197700,0.053700,0.068700,0.098800,0.204100,0.221300,0.051600,0.051600,0.094500,0.182600
1777273543.376782,0.197700,0.092400,0.066600,0.030100,0.176200,0.595100,0.277100,0.040800,0.023600,0.124600,0.290000,0.036500,0.045100,0.023600,0.058000,0.062300,0.023600,0.017200,0.019300,0.234200,0.096700,0.049400,0.043000,0.255700,0.565000,0.199800,0.030100,0.049400,0.058000,0.260000,0.197700,0.053700,0.068700,0.098800,0.204100,0.221300,0.053700,0.049400,0.096700,0.182600
1777273543.858001,0.197700,0.092400,0.066600,0.030100,0.178300,0.593000,0.272900,0.043000,0.040800,0.113900,0.296500,0.034400,0.034400,0.036500,0.064500,0.058000,0.025800,0.025800,0.021500,0.236300,0.083800,0.034400,0.043000,0.255700,0.560700,0.199800,0.032200,0.060200,0.051600,0.260000,0.197700,0.055900,0.068700,0.096700,0.204100,0.221300,0.055900,0.047300,0.094500,0.182600
1777273544.343095,0.197700,0.092400,0.064500,0.030100,0.178300,0.593000,0.272900,0.034400,0.045100,0.116000,0.292200,0.032200,0.030100,0.032200,0.073000,0.055900,0.027900,0.021500,0.043000,0.238500,0.088100,0.019300,0.030100,0.251400,0.567200,0.199800,0.030100,0.053700,0.058000,0.260000,0.197700,0.053700,0.064500,0.096700,0.204100,0.221300,0.053700,0.049400,0.094500,0.180500
1777273544.827902,0.197700,0.092400,0.062300,0.030100,0.176200,0.595100,0.272900,0.040800,0.019300,0.113900,0.294300,0.032200,0.015000,0.032200,0.075200,0.055900,0.021500,0.019300,0.030100,0.238500,0.088100,0.030100,0.034400,0.251400,0.567200,0.199800,0.032200,0.051600,0.055900,0.260000,0.197700,0.055900,0.066600,0.096700,0.204100,0.223400,0.049400,0.049400,0.094500,0.180500
1777273545.311293,0.197700,0.092400,0.064500,0.027900,0.178300,0.590800,0.272900,0.053700,0.040800,0.113900,0.292200,0.023600,0.047300,0.043000,0.068700,0.058000,0.025800,0.012900,0.025800,0.236300,0.085900,0.027900,0.040800,0.255700,0.565000,0.199800,0.030100,0.049400,0.058000,0.260000,0.197700,0.051600,0.070900,0.096700,0.204100,0.221300,0.053700,0.049400,0.094500,0.180500
1777273545.796856,0.195500,0.092400,0.064500,0.030100,0.176200,0.593000,0.272900,0.047300,0.021500,0.113900,0.294300,0.021500,0.030100,0.030100,0.075200,0.055900,0.019300,0.023600,0.043000,0.236300,0.088100,0.032200,0.038700,0.253500,0.565000,0.199800,0.032200,0.053700,0.058000,0.260000,0.197700,0.051600,0.068700,0.096700,0.204100,0.221300,0.051600,0.051600,0.094500,0.182600
1777273546.280587,0.195500,0.092400,0.064500,0.030100,0.176200,0.593000,0.272900,0.036500,0.019300,0.111700,0.296500,0.040800,0.027900,0.040800,0.073000,0.055900,0.021500,0.032200,0.030100,0.236300,0.088100,0.023600,0.034400,0.253500,0.565000,0.199800,0.032200,0.053700,0.051600,0.260000,0.197700,0.053700,0.066600,0.096700,0.204100,0.221300,0.053700,0.053700,0.094500,0.180500
1777273546.762428,0.195500,0.092400,0.066600,0.027900,0.176200,0.593000,0.272900,0.049400,0.021500,0.113900,0.294300,0.019300,0.025800,0.038700,0.073000,0.055900,0.027900,0.015000,0.025800,0.240600,0.083800,0.036500,0.043000,0.255700,0.565000,0.199800,0.030100,0.058000,0.055900,0.257800,0.197700,0.055900,0.064500,0.096700,0.204100,0.223400,0.053700,0.058000,0.094500,0.180500
1777273547.247490,0.195500,0.092400,0.064500,0.032200,0.176200,0.593000,0.270700,0.043000,0.019300,0.113900,0.290000,0.021500,0.030100,0.038700,0.075200,0.055900,0.027900,0.032200,0.030100,0.238500,0.085900,0.036500,0.040800,0.253500,0.567200,0.199800,0.032200,0.058000,0.051600,0.257800,0.197700,0.051600,0.064500,0.096700,0.204100,0.223400,0.058000,0.047300,0.094500,0.182600
1777273547.732696,0.195500,0.092400,0.062300,0.030100,0.176200,0.595100,0.270700,0.058000,0.027900,0.116000,0.287900,0.055900,0.040800,0.021500,0.060200,0.051600,0.023600,0.025800,0.032200,0.234200,0.090200,0.040800,0.040800,0.253500,0.569300,0.199800,0.032200,0.051600,0.055900,0.257800,0.197700,0.055900,0.066600,0.096700,0.206300,0.221300,0.055900,0.051600,0.094500,0.180500
1777273548.216811,0.193400,0.092400,0.064500,0.030100,0.176200,0.595100,0.270700,0.036500,0.019300,0.116000,0.287900,0.043000,0.027900,0.021500,0.060200,0.051600,0.027900,0.034400,0.027900,0.236300,0.090200,0.040800,0.040800,0.253500,0.567200,0.199800,0.032200,0.053700,0.055900,0.257800,0.197700,0.051600,0.068700,0.096700,0.206300,0.221300,0.049400,0.049400,0.096700,0.182600
1777273548.700188,0.193400,0.094500,0.066600,0.030100,0.176200,0.593000,0.272900,0.051600,0.019300,0.113900,0.292200,0.019300,0.025800,0.040800,0.073000,0.055900,0.023600,0.034400,0.036500,0.236300,0.088100,0.021500,0.036500,0.253500,0.565000,0.199800,0.032200,0.051600,0.051600,0.257800,0.197700,0.053700,0.066600,0.096700,0.204100,0.221300,0.053700,0.053700,0.094500,0.180500
1777273549.184831,0.195500,0.094500,0.062300,0.030100,0.178300,0.590800,0.270700,0.053700,0.038700,0.118200,0.292200,0.051600,0.032200,0.034400,0.062300,0.055900,0.023600,0.017200,0.025800,0.238500,0.085900,0.030100,0.040800,0.257800,0.565000,0.199800,0.030100,0.051600,0.051600,0.257800,0.197700,0.053700,0.064500,0.096700,0.204100,0.221300,0.053700,0.045100,0.094500,0.182600
1777273549.668141,0.195500,0.094500,0.062300,0.030100,0.178300,0.588700,0.270700,0.038700,0.049400,0.113900,0.292200,0.051600,0.036500,0.038700,0.070900,0.055900,0.021500,0.021500,0.012900,0.240600,0.085900,0.034400,0.032200,0.251400,0.565000,0.199800,0.032200,0.047300,0.058000,0.257800,0.197700,0.051600,0.064500,0.094500,0.204100,0.223400,0.053700,0.055900,0.094500,0.180500
1777273550.149764,0.193400,0.094500,0.062300,0.027900,0.176200,0.588700,0.272900,0.049400,0.015000,0.113900,0.290000,0.047300,0.027900,0.027900,0.073000,0.058000,0.025800,0.021500,0.030100,0.238500,0.085900,0.036500,0.043000,0.255700,0.562900,0.199800,0.030100,0.049400,0.062300,0.257800,0.197700,0.051600,0.064500,0.096700,0.206300,0.223400,0.053700,0.055900,0.094500,0.180500
1777273550.637017,0.193400,0.094500,0.064500,0.030100,0.176200,0.590800,0.272900,0.036500,0.032200,0.113900,0.290000,0.025800,0.030100,0.040800,0.070900,0.058000,0.019300,0.012900,0.040800,0.238500,0.088100,0.025800,0.038700,0.255700,0.562900,0.199800,0.032200,0.047300,0.060200,0.257800,0.197700,0.053700,0.066600,0.096700,0.204100,0.221300,0.053700,0.051600,0.094500,0.182600
1777273551.120835,0.193400,0.094500,0.066600,0.030100,0.178300,0.601600,0.270700,0.038700,0.017200,0.116000,0.287900,0.055900,0.027900,0.023600,0.060200,0.051600,0.015000,0.012900,0.027900,0.236300,0.090200,0.040800,0.040800,0.253500,0.569300,0.199800,0.030100,0.053700,0.058000,0.257800,0.197700,0.051600,0.066600,0.094500,0.204100,0.221300,0.055900,0.051600,0.094500,0.182600
1777273551.605049,0.193400,0.096700,0.062300,0.027900,0.178300,0.601600,0.270700,0.049400,0.025800,0.113900,0.290000,0.045100,0.038700,0.027900,0.058000,0.053700,0.030100,0.043000,0.038700,0.234200,0.085900,0.032200,0.030100,0.244900,0.571500,0.199800,0.030100,0.062300,0.051600,0.260000,0.197700,0.058000,0.066600,0.094500,0.204100,0.221300,0.055900,0.053700,0.094500,0.182600
1777273552.088674,0.191200,0.094500,0.066600,0.027900,0.178300,0.601600,0.268600,0.025800,0.019300,0.116000,0.287900,0.053700,0.015000,0.021500,0.058000,0.049400,0.027900,0.023600,0.034400,0.236300,0.085900,0.034400,0.032200,0.247100,0.573600,0.199800,0.030100,0.051600,0.055900,0.260000,0.197700,0.053700,0.066600,0.094500,0.204100,0.221300,0.058000,0.043000,0.094500,0.182600
1777273552.570836,0.191200,0.094500,0.062300,0.030100,0.178300,0.597300,0.268600,0.040800,0.034400,0.118200,0.285700,0.051600,0.012900,0.019300,0.055900,0.058000,0.038700,0.034400,0.030100,0.232000,0.094500,0.038700,0.027900,0.247100,0.571500,0.199800,0.030100,0.055900,0.053700,0.260000,0.197700,0.051600,0.066600,0.094500,0.206300,0.223400,0.055900,0.051600,0.094500,0.180500
1777273553.056488,0.191200,0.096700,0.066600,0.032200,0.178300,0.597300,0.275000,0.045100,0.034400,0.122500,0.285700,0.043000,0.049400,0.019300,0.055900,0.066600,0.021500,0.027900,0.019300,0.236300,0.098800,0.045100,0.049400,0.251400,0.569300,0.199800,0.030100,0.051600,0.053700,0.260000,0.197700,0.055900,0.062300,0.094500,0.204100,0.221300,0.051600,0.045100,0.096700,0.182600
1777273553.538135,0.191200,0.096700,0.066600,0.027900,0.178300,0.597300,0.272900,0.030100,0.012900,0.122500,0.290000,0.040800,0.045100,0.021500,0.058000,0.064500,0.019300,0.027900,0.030100,0.236300,0.096700,0.036500,0.049400,0.255700,0.567200,0.199800,0.030100,0.051600,0.055900,0.260000,0.197700,0.051600,0.066600,0.094500,0.204100,0.221300,0.053700,0.049400,0.096700,0.182600
1777273554.024273,0.191200,0.096700,0.064500,0.030100,0.178300,0.593000,0.270700,0.038700,0.045100,0.113900,0.292200,0.036500,0.032200,0.038700,0.073000,0.055900,0.025800,0.021500,0.043000,0.238500,0.085900,0.036500,0.036500,0.253500,0.567200,0.199800,0.032200,0.053700,0.055900,0.260000,0.197700,0.051600,0.064500,0.092400,0.204100,0.223400,0.053700,0.047300,0.094500,0.182600
1777273554.506450,0.191200,0.096700,0.064500,0.030100,0.178300,0.595100,0.270700,0.038700,0.030100,0.116000,0.285700,0.049400,0.027900,0.038700,0.058000,0.053700,0.021500,0.015000,0.038700,0.238500,0.085900,0.038700,0.040800,0.253500,0.567200,0.199800,0.032200,0.049400,0.053700,0.260000,0.197700,0.053700,0.062300,0.092400,0.204100,0.221300,0.058000,0.049400,0.094500,0.182600
1777273554.992111,0.191200,0.096700,0.062300,0.027900,0.178300,0.599400,0.268600,0.045100,0.021500,0.116000,0.285700,0.058000,0.030100,0.021500,0.055900,0.049400,0.015000,0.017200,0.036500,0.238500,0.088100,0.025800,0.030100,0.244900,0.573600,0.199800,0.030100,0.051600,0.055900,0.260000,0.197700,0.053700,0.066600,0.092400,0.206300,0.221300,0.058000,0.043000,0.094500,0.182600
1777273555.474099,0.191200,0.096700,0.062300,0.030100,0.178300,0.595100,0.270700,0.038700,0.032200,0.118200,0.287900,0.038700,0.032200,0.023600,0.055900,0.058000,0.040800,0.023600,0.017200,0.234200,0.094500,0.034400,0.027900,0.249200,0.567200,0.199800,0.032200,0.049400,0.053700,0.260000,0.197700,0.051600,0.068700,0.092400,0.206300,0.223400,0.053700,0.055900,0.094500,0.180500
1777273555.960425,0.191200,0.098800,0.064500,0.032200,0.178300,0.597300,0.275000,0.043000,0.034400,0.122500,0.287900,0.047300,0.032200,0.025800,0.055900,0.062300,0.017200,0.023600,0.034400,0.236300,0.098800,0.043000,0.043000,0.253500,0.565000,0.199800,0.032200,0.055900,0.058000,0.260000,0.197700,0.053700,0.068700,0.092400,0.204100,0.221300,0.058000,0.051600,0.096700,0.182600
1777273556.444698,0.191200,0.098800,0.064500,0.030100,0.178300,0.597300,0.275000,0.053700,0.036500,0.126800,0.292200,0.023600,0.006400,0.021500,0.060200,0.058000,0.040800,0.036500,0.036500,0.238500,0.094500,0.023600,0.032200,0.257800,0.562900,0.199800,0.030100,0.051600,0.053700,0.260000,0.197700,0.055900,0.066600,0.092400,0.206300,0.221300,0.053700,0.051600,0.096700,0.182600
1777273556.929442,0.191200,0.096700,0.064500,0.030100,0.178300,0.593000,0.270700,0.038700,0.032200,0.113900,0.290000,0.017200,0.045100,0.032200,0.070900,0.055900,0.019300,0.021500,0.030100,0.240600,0.085900,0.034400,0.036500,0.253500,0.567200,0.199800,0.030100,0.049400,0.051600,0.260000,0.197700,0.053700,0.066600,0.092400,0.206300,0.223400,0.055900,0.058000,0.094500,0.182600
1777273557.413548,0.191200,0.096700,0.062300,0.030100,0.178300,0.590800,0.270700,0.045100,0.043000,0.111700,0.287900,0.021500,0.043000,0.036500,0.073000,0.058000,0.017200,0.012900,0.017200,0.240600,0.088100,0.030100,0.030100,0.253500,0.567200,0.199800,0.032200,0.051600,0.055900,0.260000,0.197700,0.051600,0.066600,0.092400,0.206300,0.223400,0.051600,0.045100,0.094500,0.180500
1777273557.897120,0.191200,0.096700,0.064500,0.030100,0.178300,0.597300,0.268600,0.045100,0.019300,0.116000,0.283600,0.040800,0.036500,0.019300,0.058000,0.055900,0.019300,0.012900,0.038700,0.238500,0.090200,0.040800,0.040800,0.253500,0.569300,0.199800,0.030100,0.055900,0.055900,0.260000,0.197700,0.051600,0.064500,0.092400,0.206300,0.221300,0.055900,0.049400,0.094500,0.182600
1777273558.381562,0.189100,0.096700,0.064500,0.027900,0.178300,0.599400,0.268600,0.040800,0.032200,0.116000,0.283600,0.051600,0.034400,0.030100,0.055900,0.058000,0.034400,0.036500,0.023600,0.232000,0.096700,0.027900,0.032200,0.247100,0.571500,0.199800,0.030100,0.053700,0.053700,0.260000,0.197700,0.053700,0.068700,0.092400,0.204100,0.221300,0.051600,0.053700,0.096700,0.182600
1777273558.865361,0.191200,0.096700,0.066600,0.030100,0.178300,0.597300,0.268600,0.027900,0.030100,0.116000,0.287900,0.038700,0.040800,0.021500,0.055900,0.058000,0.045100,0.030100,0.043000,0.232000,0.096700,0.021500,0.027900,0.244900,0.571500,0.199800,0.030100,0.051600,0.055900,0.260000,0.197700,0.053700,0.066600,0.092400,0.204100,0.221300,0.049400,0.053700,0.094500,0.180500
1777273559.347233,0.191200,0.098800,0.064500,0.032200,0.178300,0.597300,0.272900,0.034400,0.023600,0.122500,0.287900,0.034400,0.036500,0.021500,0.058000,0.064500,0.025800,0.015000,0.012900,0.238500,0.094500,0.043000,0.038700,0.251400,0.569300,0.199800,0.030100,0.055900,0.051600,0.260000,0.199800,0.053700,0.066600,0.090200,0.204100,0.221300,0.060200,0.045100,0.094500,0.182600
1777273559.830596,0.191200,0.098800,0.064500,0.030100,0.178300,0.597300,0.270700,0.038700,0.019300,0.122500,0.290000,0.034400,0.055900,0.025800,0.055900,0.062300,0.030100,0.025800,0.030100,0.238500,0.096700,0.047300,0.043000,0.251400,0.571500,0.199800,0.030100,0.053700,0.060200,0.260000,0.199800,0.053700,0.064500,0.092400,0.204100,0.223400,0.051600,0.049400,0.094500,0.182600
1777273560.316148,0.191200,0.096700,0.064500,0.030100,0.178300,0.595100,0.270700,0.023600,0.025800,0.122500,0.283600,0.040800,0.032200,0.021500,0.055900,0.064500,0.021500,0.017200,0.015000,0.240600,0.094500,0.038700,0.030100,0.253500,0.569300,0.199800,0.030100,0.058000,0.055900,0.260000,0.197700,0.051600,0.064500,0.092400,0.204100,0.221300,0.055900,0.055900,0.094500,0.182600
1777273560.799832,0.191200,0.096700,0.064500,0.030100,0.178300,0.595100,0.270700,0.043000,0.025800,0.122500,0.283600,0.053700,0.025800,0.025800,0.055900,0.060200,0.027900,0.023600,0.047300,0.238500,0.094500,0.034400,0.030100,0.255700,0.562900,0.199800,0.032200,0.055900,0.058000,0.260000,0.197700,0.051600,0.066600,0.092400,0.204100,0.221300,0.051600,0.045100,0.096700,0.182600
1777273561.285623,0.191200,0.096700,0.064500,0.030100,0.178300,0.590800,0.268600,0.036500,0.045100,0.116000,0.285700,0.034400,0.025800,0.036500,0.070900,0.055900,0.019300,0.023600,0.036500,0.238500,0.085900,0.040800,0.040800,0.257800,0.562900,0.199800,0.030100,0.053700,0.055900,0.260000,0.197700,0.051600,0.062300,0.092400,0.204100,0.221300,0.051600,0.051600,0.096700,0.182600
1777273561.769801,0.189100,0.096700,0.064500,0.027900,0.176200,0.593000,0.268600,0.049400,0.017200,0.111700,0.290000,0.034400,0.047300,0.030100,0.073000,0.055900,0.030100,0.023600,0.027900,0.240600,0.085900,0.038700,0.040800,0.255700,0.562900,0.199800,0.030100,0.049400,0.058000,0.260000,0.197700,0.053700,0.066600,0.090200,0.204100,0.223400,0.053700,0.058000,0.094500,0.182600
1777273562.250551,0.191200,0.096700,0.064500,0.030100,0.176200,0.593000,0.268600,0.047300,0.017200,0.111700,0.290000,0.032200,0.045100,0.030100,0.073000,0.058000,0.027900,0.012900,0.027900,0.242800,0.083800,0.030100,0.040800,0.255700,0.565000,0.199800,0.030100,0.053700,0.053700,0.260000,0.197700,0.053700,0.066600,0.090200,0.204100,0.223400,0.053700,0.055900,0.096700,0.180500
1777273562.736341,0.191200,0.096700,0.064500,0.030100,0.178300,0.590800,0.268600,0.043000,0.034400,0.113900,0.285700,0.030100,0.038700,0.038700,0.070900,0.058000,0.027900,0.032200,0.045100,0.242800,0.083800,0.038700,0.040800,0.257800,0.562900,0.199800,0.030100,0.047300,0.060200,0.260000,0.197700,0.051600,0.064500,0.090200,0.204100,0.223400,0.051600,0.049400,0.094500,0.180500
1777273563.221698,0.191200,0.096700,0.064500,0.030100,0.176200,0.590800,0.268600,0.047300,0.021500,0.111700,0.285700,0.027900,0.021500,0.023600,0.073000,0.058000,0.034400,0.027900,0.034400,0.238500,0.090200,0.025800,0.030100,0.251400,0.565000,0.199800,0.032200,0.058000,0.053700,0.260000,0.197700,0.051600,0.064500,0.090200,0.204100,0.221300,0.051600,0.051600,0.094500,0.182600
1777273563.703261,0.191200,0.096700,0.064500,0.027900,0.178300,0.586500,0.268600,0.045100,0.034400,0.111700,0.283600,0.017200,0.043000,0.025800,0.070900,0.058000,0.043000,0.034400,0.045100,0.238500,0.085900,0.034400,0.030100,0.251400,0.565000,0.199800,0.030100,0.053700,0.060200,0.260000,0.197700,0.051600,0.066600,0.092400,0.204100,0.221300,0.053700,0.049400,0.096700,0.182600
1777273564.189572,0.189100,0.096700,0.066600,0.027900,0.178300,0.593000,0.270700,0.051600,0.015000,0.111700,0.290000,0.017200,0.017200,0.040800,0.064500,0.058000,0.025800,0.019300,0.015000,0.240600,0.083800,0.040800,0.045100,0.255700,0.560700,0.199800,0.030100,0.053700,0.055900,0.260000,0.197700,0.055900,0.064500,0.092400,0.204100,0.221300,0.058000,0.051600,0.096700,0.182600
1777273564.672747,0.191200,0.096700,0.062300,0.027900,0.176200,0.590800,0.268600,0.045100,0.023600,0.111700,0.290000,0.038700,0.032200,0.038700,0.073000,0.058000,0.021500,0.025800,0.023600,0.240600,0.085900,0.027900,0.036500,0.253500,0.567200,0.199800,0.032200,0.047300,0.053700,0.260000,0.197700,0.053700,0.064500,0.090200,0.204100,0.221300,0.055900,0.051600,0.094500,0.180500
1777273565.156367,0.191200,0.096700,0.062300,0.030100,0.176200,0.590800,0.268600,0.045100,0.023600,0.111700,0.287900,0.038700,0.045100,0.036500,0.073000,0.058000,0.030100,0.023600,0.023600,0.242800,0.083800,0.034400,0.040800,0.255700,0.565000,0.199800,0.030100,0.058000,0.055900,0.260000,0.197700,0.053700,0.068700,0.090200,0.204100,0.223400,0.049400,0.049400,0.094500,0.180500
1777273565.639017,0.191200,0.096700,0.064500,0.027900,0.178300,0.588700,0.268600,0.036500,0.021500,0.111700,0.285700,0.032200,0.032200,0.047300,0.073000,0.058000,0.015000,0.034400,0.043000,0.240600,0.085900,0.021500,0.036500,0.253500,0.565000,0.199800,0.032200,0.053700,0.055900,0.260000,0.197700,0.053700,0.060200,0.090200,0.204100,0.221300,0.055900,0.051600,0.094500,0.182600
1777273566.124804,0.191200,0.096700,0.062300,0.030100,0.178300,0.588700,0.268600,0.040800,0.023600,0.111700,0.285700,0.017200,0.025800,0.043000,0.075200,0.058000,0.015000,0.025800,0.027900,0.240600,0.085900,0.040800,0.040800,0.255700,0.562900,0.199800,0.030100,0.049400,0.058000,0.260000,0.197700,0.053700,0.060200,0.090200,0.204100,0.221300,0.053700,0.049400,0.096700,0.182600
1777273566.609164,0.191200,0.096700,0.064500,0.030100,0.178300,0.588700,0.268600,0.053700,0.021500,0.111700,0.285700,0.040800,0.040800,0.034400,0.064500,0.058000,0.032200,0.017200,0.023600,0.240600,0.083800,0.045100,0.043000,0.257800,0.560700,0.199800,0.030100,0.055900,0.058000,0.260000,0.197700,0.051600,0.068700,0.090200,0.204100,0.221300,0.055900,0.049400,0.096700,0.182600
1777273567.090888,0.191200,0.096700,0.064500,0.027900,0.178300,0.590800,0.268600,0.058000,0.017200,0.111700,0.287900,0.030100,0.032200,0.038700,0.073000,0.058000,0.019300,0.025800,0.027900,0.240600,0.083800,0.023600,0.036500,0.253500,0.565000,0.199800,0.030100,0.055900,0.058000,0.257800,0.197700,0.053700,0.066600,0.090200,0.204100,0.221300,0.053700,0.051600,0.096700,0.182600
1777273567.577724,0.191200,0.096700,0.064500,0.027900,0.178300,0.588700,0.268600,0.051600,0.025800,0.111700,0.287900,0.034400,0.036500,0.038700,0.064500,0.058000,0.025800,0.017200,0.030100,0.242800,0.081600,0.038700,0.045100,0.257800,0.562900,0.197700,0.032200,0.051600,0.053700,0.260000,0.197700,0.055900,0.064500,0.090200,0.202000,0.221300,0.053700,0.058000,0.094500,0.182600
1777273568.060334,0.191200,0.096700,0.062300,0.032200,0.178300,0.599400,0.266400,0.032200,0.027900,0.113900,0.281400,0.055900,0.027900,0.027900,0.058000,0.058000,0.036500,0.038700,0.030100,0.236300,0.094500,0.030100,0.030100,0.247100,0.571500,0.199800,0.030100,0.055900,0.051600,0.257800,0.197700,0.053700,0.062300,0.090200,0.204100,0.221300,0.051600,0.055900,0.094500,0.182600
1777273568.546043,0.191200,0.096700,0.062300,0.030100,0.178300,0.593000,0.275000,0.055900,0.030100,0.124600,0.281400,0.032200,0.036500,0.040800,0.062300,0.058000,0.017200,0.019300,0.023600,0.236300,0.090200,0.021500,0.030100,0.249200,0.567200,0.199800,0.030100,0.051600,0.058000,0.257800,0.197700,0.053700,0.062300,0.090200,0.204100,0.221300,0.049400,0.049400,0.094500,0.182600
1777273569.030076,0.191200,0.096700,0.064500,0.030100,0.178300,0.595100,0.272900,0.032200,0.023600,0.122500,0.281400,0.025800,0.010700,0.030100,0.055900,0.062300,0.025800,0.023600,0.034400,0.238500,0.094500,0.040800,0.032200,0.255700,0.562900,0.197700,0.032200,0.051600,0.055900,0.260000,0.197700,0.051600,0.064500,0.090200,0.202000,0.221300,0.053700,0.051600,0.098800,0.182600
1777273569.514174,0.193400,0.096700,0.064500,0.030100,0.178300,0.590800,0.266400,0.053700,0.036500,0.116000,0.283600,0.049400,0.036500,0.032200,0.070900,0.055900,0.019300,0.025800,0.032200,0.238500,0.088100,0.021500,0.030100,0.251400,0.562900,0.199800,0.032200,0.049400,0.051600,0.257800,0.197700,0.053700,0.060200,0.090200,0.202000,0.221300,0.053700,0.053700,0.096700,0.180500
1777273569.997013,0.191200,0.096700,0.062300,0.030100,0.178300,0.590800,0.268600,0.038700,0.045100,0.109600,0.287900,0.019300,0.017200,0.045100,0.070900,0.058000,0.027900,0.023600,0.017200,0.240600,0.085900,0.027900,0.034400,0.253500,0.565000,0.199800,0.030100,0.062300,0.053700,0.257800,0.197700,0.055900,0.068700,0.090200,0.202000,0.221300,0.049400,0.047300,0.096700,0.182600
1777273570.478963,0.191200,0.094500,0.064500,0.027900,0.178300,0.590800,0.266400,0.047300,0.019300,0.111700,0.285700,0.043000,0.008600,0.034400,0.073000,0.058000,0.036500,0.023600,0.036500,0.244900,0.081600,0.040800,0.043000,0.257800,0.562900,0.197700,0.030100,0.058000,0.058000,0.257800,0.197700,0.053700,0.068700,0.090200,0.202000,0.223400,0.053700,0.047300,0.096700,0.182600
1777273570.966308,0.191200,0.096700,0.062300,0.030100,0.178300,0.599400,0.266400,0.036500,0.027900,0.113900,0.281400,0.047300,0.025800,0.017200,0.058000,0.058000,0.025800,0.040800,0.034400,0.236300,0.092400,0.023600,0.027900,0.249200,0.571500,0.199800,0.030100,0.051600,0.053700,0.257800,0.197700,0.053700,0.066600,0.090200,0.202000,0.223400,0.049400,0.051600,0.094500,0.182600
1777273571.449881,0.191200,0.096700,0.062300,0.027900,0.178300,0.593000,0.272900,0.038700,0.034400,0.122500,0.281400,0.040800,0.060200,0.023600,0.055900,0.064500,0.021500,0.023600,0.012900,0.240600,0.094500,0.047300,0.032200,0.255700,0.565000,0.197700,0.030100,0.053700,0.060200,0.260000,0.197700,0.051600,0.060200,0.090200,0.202000,0.221300,0.051600,0.047300,0.096700,0.182600
1777273571.933320,0.191200,0.094500,0.062300,0.030100,0.178300,0.590800,0.268600,0.040800,0.040800,0.111700,0.285700,0.023600,0.006400,0.034400,0.064500,0.058000,0.027900,0.032200,0.032200,0.240600,0.083800,0.040800,0.043000,0.257800,0.560700,0.197700,0.032200,0.051600,0.055900,0.257800,0.197700,0.053700,0.064500,0.088100,0.202000,0.221300,0.053700,0.058000,0.096700,0.182600
1777273572.418594,0.191200,0.094500,0.064500,0.027900,0.178300,0.590800,0.268600,0.040800,0.019300,0.111700,0.287900,0.032200,0.008600,0.038700,0.073000,0.058000,0.030100,0.012900,0.027900,0.242800,0.083800,0.040800,0.043000,0.257800,0.562900,0.197700,0.030100,0.049400,0.058000,0.257800,0.197700,0.051600,0.064500,0.088100,0.202000,0.221300,0.053700,0.058000,0.096700,0.180500
1777273572.902502,0.193400,0.096700,0.062300,0.030100,0.178300,0.590800,0.266400,0.034400,0.040800,0.113900,0.285700,0.025800,0.034400,0.040800,0.058000,0.055900,0.021500,0.023600,0.040800,0.242800,0.081600,0.027900,0.040800,0.257800,0.562900,0.197700,0.032200,0.064500,0.055900,0.257800,0.197700,0.055900,0.066600,0.088100,0.202000,0.221300,0.058000,0.049400,0.096700,0.182600
1777273573.386418,0.193400,0.094500,0.062300,0.030100,0.178300,0.588700,0.268600,0.047300,0.023600,0.111700,0.285700,0.015000,0.006400,0.036500,0.073000,0.058000,0.025800,0.021500,0.034400,0.244900,0.081600,0.032200,0.040800,0.257800,0.562900,0.197700,0.032200,0.047300,0.053700,0.257800,0.197700,0.053700,0.058000,0.088100,0.202000,0.221300,0.051600,0.058000,0.096700,0.182600
1777273573.870349,0.193400,0.094500,0.064500,0.027900,0.178300,0.593000,0.268600,0.027900,0.015000,0.111700,0.279300,0.025800,0.032200,0.032200,0.060200,0.058000,0.017200,0.021500,0.027900,0.240600,0.085900,0.043000,0.043000,0.257800,0.567200,0.197700,0.030100,0.049400,0.058000,0.260000,0.197700,0.051600,0.058000,0.088100,0.202000,0.221300,0.055900,0.051600,0.096700,0.182600
1777273574.352174,0.193400,0.094500,0.062300,0.032200,0.178300,0.588700,0.268600,0.040800,0.045100,0.111700,0.283600,0.025800,0.051600,0.034400,0.058000,0.058000,0.015000,0.017200,0.036500,0.240600,0.083800,0.032200,0.043000,0.257800,0.562900,0.197700,0.032200,0.058000,0.055900,0.260000,0.197700,0.053700,0.066600,0.088100,0.202000,0.221300,0.058000,0.051600,0.098800,0.182600
1777273574.838553,0.193400,0.094500,0.066600,0.030100,0.178300,0.595100,0.268600,0.034400,0.021500,0.111700,0.281400,0.034400,0.030100,0.034400,0.058000,0.053700,0.032200,0.021500,0.027900,0.242800,0.088100,0.045100,0.045100,0.255700,0.565000,0.197700,0.032200,0.058000,0.060200,0.257800,0.197700,0.055900,0.064500,0.088100,0.199800,0.221300,0.051600,0.051600,0.096700,0.182600
1777273575.322349,0.193400,0.094500,0.064500,0.027900,0.178300,0.597300,0.268600,0.036500,0.019300,0.111700,0.283600,0.043000,0.025800,0.023600,0.060200,0.049400,0.012900,0.032200,0.023600,0.240600,0.088100,0.034400,0.027900,0.244900,0.567200,0.197700,0.036500,0.053700,0.053700,0.260000,0.197700,0.053700,0.064500,0.088100,0.202000,0.221300,0.055900,0.049400,0.096700,0.182600
1777273575.806654,0.193400,0.094500,0.062300,0.030100,0.178300,0.599400,0.268600,0.043000,0.017200,0.111700,0.283600,0.055900,0.040800,0.017200,0.060200,0.051600,0.023600,0.032200,0.034400,0.240600,0.083800,0.040800,0.036500,0.247100,0.571500,0.199800,0.030100,0.047300,0.058000,0.257800,0.197700,0.055900,0.060200,0.088100,0.202000,0.221300,0.053700,0.062300,0.096700,0.182600
1777273576.290267,0.193400,0.094500,0.062300,0.030100,0.178300,0.599400,0.268600,0.053700,0.032200,0.113900,0.283600,0.055900,0.038700,0.023600,0.058000,0.058000,0.043000,0.036500,0.030100,0.238500,0.092400,0.027900,0.030100,0.249200,0.573600,0.197700,0.032200,0.049400,0.053700,0.257800,0.197700,0.053700,0.062300,0.088100,0.202000,0.221300,0.049400,0.049400,0.096700,0.182600
1777273576.774603,0.193400,0.094500,0.062300,0.030100,0.178300,0.599400,0.268600,0.032200,0.025800,0.113900,0.281400,0.051600,0.025800,0.019300,0.058000,0.058000,0.034400,0.038700,0.019300,0.236300,0.088100,0.032200,0.030100,0.249200,0.571500,0.199800,0.030100,0.055900,0.055900,0.257800,0.197700,0.055900,0.064500,0.088100,0.202000,0.223400,0.053700,0.060200,0.096700,0.182600
1777273577.256765,0.193400,0.094500,0.064500,0.030100,0.178300,0.599400,0.268600,0.038700,0.017200,0.116000,0.279300,0.034400,0.036500,0.021500,0.060200,0.053700,0.043000,0.034400,0.040800,0.238500,0.085900,0.040800,0.032200,0.247100,0.573600,0.197700,0.030100,0.053700,0.058000,0.257800,0.197700,0.053700,0.062300,0.088100,0.202000,0.223400,0.053700,0.049400,0.098800,0.182600
1777273577.742559,0.193400,0.094500,0.066600,0.027900,0.178300,0.601600,0.268600,0.051600,0.030100,0.113900,0.283600,0.055900,0.019300,0.034400,0.058000,0.055900,0.038700,0.043000,0.032200,0.234200,0.096700,0.025800,0.032200,0.247100,0.569300,0.199800,0.030100,0.053700,0.051600,0.257800,0.197700,0.053700,0.062300,0.088100,0.199800,0.221300,0.053700,0.055900,0.098800,0.182600
1777273578.226738,0.193400,0.094500,0.064500,0.030100,0.178300,0.597300,0.266400,0.040800,0.025800,0.111700,0.283600,0.040800,0.038700,0.017200,0.060200,0.051600,0.027900,0.043000,0.049400,0.234200,0.085900,0.023600,0.034400,0.247100,0.569300,0.197700,0.030100,0.049400,0.058000,0.257800,0.197700,0.053700,0.062300,0.085900,0.199800,0.221300,0.051600,0.047300,0.096700,0.182600
1777273578.710760,0.193400,0.094500,0.062300,0.030100,0.178300,0.601600,0.268600,0.043000,0.034400,0.113900,0.283600,0.047300,0.008600,0.027900,0.058000,0.058000,0.027900,0.017200,0.030100,0.238500,0.092400,0.025800,0.032200,0.247100,0.573600,0.197700,0.030100,0.060200,0.049400,0.257800,0.197700,0.053700,0.062300,0.088100,0.199800,0.223400,0.053700,0.053700,0.098800,0.180500
1777273579.194652,0.193400,0.094500,0.062300,0.030100,0.178300,0.595100,0.272900,0.047300,0.034400,0.120300,0.283600,0.047300,0.032200,0.025800,0.055900,0.060200,0.023600,0.025800,0.034400,0.240600,0.092400,0.034400,0.034400,0.255700,0.567200,0.197700,0.032200,0.049400,0.051600,0.260000,0.197700,0.055900,0.060200,0.085900,0.199800,0.223400,0.053700,0.055900,0.098800,0.182600
1777273579.678735,0.195500,0.094500,0.062300,0.030100,0.178300,0.593000,0.272900,0.027900,0.019300,0.120300,0.283600,0.032200,0.053700,0.038700,0.058000,0.060200,0.021500,0.021500,0.040800,0.242800,0.092400,0.027900,0.034400,0.257800,0.562900,0.197700,0.030100,0.055900,0.055900,0.260000,0.197700,0.051600,0.064500,0.085900,0.199800,0.221300,0.049400,0.055900,0.098800,0.182600
1777273580.161501,0.195500,0.092400,0.062300,0.027900,0.178300,0.590800,0.272900,0.036500,0.021500,0.120300,0.283600,0.025800,0.058000,0.021500,0.058000,0.066600,0.017200,0.019300,0.023600,0.240600,0.092400,0.034400,0.032200,0.255700,0.562900,0.197700,0.032200,0.053700,0.060200,0.260000,0.197700,0.053700,0.062300,0.085900,0.199800,0.221300,0.053700,0.051600,0.098800,0.182600
1777273580.643866,0.193400,0.094500,0.064500,0.030100,0.178300,0.595100,0.272900,0.047300,0.019300,0.120300,0.285700,0.019300,0.036500,0.023600,0.060200,0.064500,0.025800,0.025800,0.038700,0.238500,0.094500,0.045100,0.034400,0.253500,0.565000,0.197700,0.032200,0.051600,0.055900,0.257800,0.197700,0.053700,0.055900,0.085900,0.199800,0.221300,0.053700,0.051600,0.098800,0.182600
1777273581.127982,0.195500,0.094500,0.064500,0.034400,0.178300,0.597300,0.272900,0.058000,0.023600,0.120300,0.287900,0.038700,0.036500,0.019300,0.058000,0.064500,0.027900,0.021500,0.034400,0.238500,0.096700,0.036500,0.040800,0.251400,0.569300,0.197700,0.030100,0.060200,0.051600,0.257800,0.197700,0.053700,0.064500,0.085900,0.199800,0.223400,0.053700,0.051600,0.098800,0.182600
1777273581.614659,0.195500,0.094500,0.062300,0.032200,0.178300,0.597300,0.272900,0.036500,0.021500,0.120300,0.285700,0.032200,0.049400,0.023600,0.055900,0.064500,0.025800,0.015000,0.027900,0.242800,0.090200,0.034400,0.034400,0.255700,0.569300,0.197700,0.032200,0.049400,0.053700,0.257800,0.197700,0.053700,0.060200,0.085900,0.199800,0.221300,0.055900,0.049400,0.098800,0.182600
1777273582.098774,0.195500,0.094500,0.062300,0.032200,0.178300,0.597300,0.272900,0.030100,0.036500,0.122500,0.283600,0.038700,0.047300,0.023600,0.055900,0.062300,0.021500,0.030100,0.043000,0.240600,0.094500,0.043000,0.030100,0.253500,0.571500,0.197700,0.032200,0.055900,0.058000,0.257800,0.197700,0.055900,0.064500,0.085900,0.199800,0.223400,0.062300,0.051600,0.098800,0.182600
1777273582.582055,0.195500,0.092400,0.062300,0.030100,0.178300,0.593000,0.272900,0.023600,0.025800,0.120300,0.283600,0.047300,0.025800,0.021500,0.058000,0.064500,0.015000,0.025800,0.019300,0.240600,0.092400,0.043000,0.047300,0.253500,0.569300,0.197700,0.032200,0.051600,0.051600,0.257800,0.197700,0.053700,0.062300,0.085900,0.199800,0.221300,0.051600,0.049400,0.098800,0.182600
1777273583.065608,0.195500,0.094500,0.062300,0.030100,0.178300,0.595100,0.272900,0.053700,0.012900,0.120300,0.283600,0.036500,0.043000,0.021500,0.055900,0.066600,0.019300,0.027900,0.045100,0.238500,0.094500,0.053700,0.032200,0.253500,0.569300,0.197700,0.032200,0.053700,0.058000,0.257800,0.197700,0.053700,0.055900,0.085900,0.199800,0.221300,0.051600,0.047300,0.098800,0.182600
1777273583.550757,0.195500,0.092400,0.064500,0.030100,0.178300,0.597300,0.275000,0.055900,0.027900,0.120300,0.283600,0.032200,0.006400,0.038700,0.062300,0.058000,0.023600,0.023600,0.036500,0.238500,0.085900,0.023600,0.030100,0.251400,0.565000,0.197700,0.030100,0.053700,0.058000,0.257800,0.197700,0.053700,0.064500,0.085900,0.199800,0.223400,0.051600,0.055900,0.098800,0.180500
1777273584.034819,0.195500,0.092400,0.064500,0.030100,0.178300,0.597300,0.275000,0.053700,0.034400,0.120300,0.287900,0.051600,0.032200,0.027900,0.058000,0.058000,0.043000,0.017200,0.040800,0.236300,0.088100,0.030100,0.030100,0.247100,0.569300,0.197700,0.030100,0.049400,0.053700,0.257800,0.197700,0.053700,0.062300,0.085900,0.199800,0.223400,0.051600,0.051600,0.098800,0.180500
1777273584.518439,0.195500,0.092400,0.064500,0.030100,0.178300,0.599400,0.268600,0.034400,0.032200,0.113900,0.283600,0.047300,0.036500,0.023600,0.058000,0.058000,0.036500,0.045100,0.036500,0.236300,0.092400,0.025800,0.030100,0.247100,0.571500,0.197700,0.032200,0.053700,0.053700,0.257800,0.197700,0.055900,0.060200,0.085900,0.199800,0.223400,0.053700,0.049400,0.098800,0.182600
1777273585.002915,0.195500,0.092400,0.062300,0.030100,0.178300,0.599400,0.268600,0.043000,0.025800,0.111700,0.283600,0.055900,0.043000,0.025800,0.060200,0.060200,0.034400,0.027900,0.038700,0.238500,0.090200,0.025800,0.032200,0.247100,0.571500,0.197700,0.030100,0.055900,0.049400,0.257800,0.197700,0.053700,0.064500,0.083800,0.199800,0.223400,0.055900,0.053700,0.096700,0.182600
1777273585.486558,0.195500,0.092400,0.064500,0.027900,0.178300,0.599400,0.268600,0.023600,0.019300,0.113900,0.281400,0.053700,0.023600,0.019300,0.060200,0.049400,0.036500,0.030100,0.036500,0.240600,0.085900,0.027900,0.030100,0.247100,0.573600,0.197700,0.030100,0.047300,0.053700,0.257800,0.197700,0.053700,0.062300,0.085900,0.199800,0.223400,0.053700,0.053700,0.098800,0.182600
1777273585.970767,0.195500,0.092400,0.062300,0.030100,0.178300,0.599400,0.268600,0.032200,0.030100,0.113900,0.281400,0.053700,0.023600,0.027900,0.058000,0.060200,0.038700,0.045100,0.015000,0.234200,0.092400,0.025800,0.032200,0.247100,0.571500,0.197700,0.032200,0.053700,0.055900,0.257800,0.197700,0.055900,0.058000,0.085900,0.199800,0.223400,0.058000,0.049400,0.098800,0.182600
1777273586.453290,0.195500,0.092400,0.064500,0.030100,0.178300,0.595100,0.268600,0.036500,0.019300,0.111700,0.285700,0.049400,0.017200,0.030100,0.062300,0.051600,0.021500,0.036500,0.034400,0.240600,0.085900,0.023600,0.034400,0.247100,0.571500,0.197700,0.030100,0.053700,0.055900,0.257800,0.197700,0.053700,0.062300,0.085900,0.199800,0.223400,0.053700,0.051600,0.101000,0.182600
1777273586.935849,0.195500,0.092400,0.064500,0.027900,0.178300,0.597300,0.268600,0.045100,0.025800,0.113900,0.283600,0.034400,0.030100,0.021500,0.058000,0.051600,0.030100,0.017200,0.021500,0.242800,0.085900,0.043000,0.043000,0.253500,0.567200,0.197700,0.030100,0.053700,0.055900,0.255700,0.197700,0.053700,0.066600,0.083800,0.199800,0.221300,0.051600,0.053700,0.101000,0.182600
1777273587.422224,0.195500,0.092400,0.064500,0.027900,0.178300,0.597300,0.268600,0.047300,0.019300,0.111700,0.283600,0.030100,0.030100,0.040800,0.060200,0.055900,0.030100,0.017200,0.045100,0.244900,0.083800,0.043000,0.045100,0.255700,0.567200,0.197700,0.030100,0.053700,0.051600,0.255700,0.197700,0.053700,0.060200,0.083800,0.197700,0.221300,0.053700,0.053700,0.098800,0.182600
1777273587.906498,0.197700,0.092400,0.064500,0.030100,0.180500,0.590800,0.268600,0.043000,0.032200,0.116000,0.285700,0.053700,0.038700,0.030100,0.073000,0.055900,0.036500,0.032200,0.043000,0.242800,0.081600,0.027900,0.034400,0.253500,0.567200,0.197700,0.032200,0.055900,0.053700,0.255700,0.197700,0.053700,0.058000,0.083800,0.199800,0.223400,0.055900,0.053700,0.098800,0.182600
1777273588.390356,0.195500,0.092400,0.064500,0.027900,0.178300,0.590800,0.270700,0.038700,0.034400,0.111700,0.287900,0.047300,0.027900,0.021500,0.070900,0.058000,0.036500,0.034400,0.034400,0.244900,0.077300,0.032200,0.034400,0.255700,0.567200,0.197700,0.032200,0.051600,0.062300,0.255700,0.197700,0.053700,0.060200,0.083800,0.199800,0.223400,0.053700,0.049400,0.098800,0.182600
1777273588.874842,0.195500,0.092400,0.064500,0.027900,0.178300,0.590800,0.270700,0.036500,0.036500,0.120300,0.285700,0.021500,0.040800,0.019300,0.073000,0.058000,0.030100,0.023600,0.038700,0.242800,0.081600,0.025800,0.032200,0.255700,0.567200,0.197700,0.032200,0.047300,0.055900,0.255700,0.197700,0.053700,0.062300,0.083800,0.199800,0.223400,0.053700,0.047300,0.098800,0.180500
1777273589.359360,0.197700,0.090200,0.064500,0.030100,0.178300,0.588700,0.270700,0.043000,0.038700,0.109600,0.283600,0.023600,0.006400,0.027900,0.073000,0.058000,0.034400,0.019300,0.038700,0.240600,0.083800,0.030100,0.034400,0.255700,0.567200,0.197700,0.032200,0.047300,0.058000,0.255700,0.197700,0.051600,0.060200,0.083800,0.199800,0.223400,0.053700,0.055900,0.101000,0.182600
1777273589.842818,0.197700,0.092400,0.066600,0.030100,0.180500,0.590800,0.270700,0.045100,0.043000,0.120300,0.287900,0.045100,0.038700,0.021500,0.068700,0.058000,0.040800,0.032200,0.019300,0.242800,0.079500,0.027900,0.032200,0.255700,0.562900,0.197700,0.030100,0.053700,0.051600,0.255700,0.197700,0.053700,0.062300,0.083800,0.199800,0.223400,0.053700,0.049400,0.101000,0.182600
1777273590.326110,0.197700,0.092400,0.064500,0.030100,0.180500,0.593000,0.270700,0.045100,0.034400,0.113900,0.287900,0.023600,0.006400,0.027900,0.070900,0.055900,0.043000,0.040800,0.027900,0.242800,0.079500,0.032200,0.032200,0.255700,0.565000,0.197700,0.032200,0.049400,0.060200,0.255700,0.197700,0.053700,0.055900,0.083800,0.197700,0.223400,0.055900,0.058000,0.098800,0.182600
1777273590.809683,0.197700,0.092400,0.064500,0.030100,0.180500,0.590800,0.270700,0.025800,0.034400,0.116000,0.287900,0.023600,0.036500,0.040800,0.075200,0.055900,0.017200,0.019300,0.036500,0.242800,0.077300,0.040800,0.045100,0.260000,0.562900,0.197700,0.032200,0.051600,0.055900,0.255700,0.197700,0.053700,0.060200,0.083800,0.197700,0.221300,0.058000,0.049400,0.098800,0.182600
1777273591.294877,0.195500,0.092400,0.062300,0.030100,0.178300,0.601600,0.268600,0.043000,0.021500,0.111700,0.283600,0.047300,0.038700,0.015000,0.060200,0.058000,0.045100,0.045100,0.030100,0.238500,0.085900,0.025800,0.032200,0.249200,0.571500,0.197700,0.030100,0.051600,0.053700,0.255700,0.197700,0.053700,0.058000,0.083800,0.199800,0.223400,0.053700,0.058000,0.098800,0.182600
1777273591.778910,0.197700,0.092400,0.064500,0.030100,0.178300,0.601600,0.268600,0.025800,0.021500,0.111700,0.283600,0.047300,0.030100,0.025800,0.058000,0.047300,0.012900,0.034400,0.034400,0.236300,0.083800,0.023600,0.032200,0.247100,0.575800,0.197700,0.030100,0.051600,0.055900,0.255700,0.197700,0.053700,0.062300,0.083800,0.197700,0.223400,0.053700,0.058000,0.098800,0.182600
1777273592.262944,0.195500,0.090200,0.064500,0.030100,0.178300,0.597300,0.268600,0.051600,0.021500,0.111700,0.281400,0.043000,0.030100,0.027900,0.058000,0.051600,0.043000,0.021500,0.040800,0.240600,0.083800,0.025800,0.030100,0.249200,0.573600,0.197700,0.030100,0.051600,0.058000,0.255700,0.197700,0.051600,0.055900,0.083800,0.197700,0.223400,0.055900,0.060200,0.101000,0.182600
1777273592.747100,0.195500,0.092400,0.064500,0.030100,0.178300,0.597300,0.268600,0.049400,0.023600,0.111700,0.285700,0.060200,0.017200,0.027900,0.060200,0.047300,0.034400,0.032200,0.036500,0.238500,0.083800,0.025800,0.038700,0.244900,0.571500,0.197700,0.032200,0.049400,0.058000,0.255700,0.197700,0.053700,0.062300,0.085900,0.197700,0.223400,0.058000,0.055900,0.101000,0.182600
1777273593.231985,0.197700,0.092400,0.064500,0.030100,0.178300,0.601600,0.268600,0.036500,0.023600,0.111700,0.285700,0.053700,0.019300,0.015000,0.060200,0.053700,0.021500,0.045100,0.032200,0.236300,0.088100,0.030100,0.032200,0.247100,0.571500,0.197700,0.032200,0.053700,0.053700,0.253500,0.197700,0.053700,0.055900,0.083800,0.197700,0.221300,0.053700,0.047300,0.101000,0.182600
1777273593.713991,0.197700,0.092400,0.064500,0.030100,0.178300,0.593000,0.270700,0.043000,0.019300,0.109600,0.290000,0.030100,0.040800,0.040800,0.064500,0.058000,0.036500,0.027900,0.032200,0.247100,0.077300,0.043000,0.045100,0.262100,0.565000,0.197700,0.032200,0.055900,0.055900,0.253500,0.197700,0.058000,0.058000,0.083800,0.197700,0.221300,0.055900,0.060200,0.098800,0.182600
1777273594.198928,0.197700,0.092400,0.062300,0.030100,0.178300,0.590800,0.268600,0.049400,0.032200,0.120300,0.287900,0.034400,0.017200,0.021500,0.070900,0.055900,0.034400,0.034400,0.032200,0.244900,0.077300,0.023600,0.032200,0.255700,0.565000,0.197700,0.032200,0.058000,0.055900,0.253500,0.197700,0.053700,0.062300,0.083800,0.197700,0.223400,0.055900,0.047300,0.101000,0.182600
1777273594.682893,0.197700,0.092400,0.064500,0.030100,0.178300,0.595100,0.275000,0.038700,0.032200,0.122500,0.285700,0.049400,0.023600,0.023600,0.060200,0.060200,0.015000,0.023600,0.047300,0.242800,0.088100,0.030100,0.034400,0.257800,0.567200,0.195500,0.032200,0.060200,0.058000,0.255700,0.199800,0.053700,0.058000,0.083800,0.197700,0.221300,0.055900,0.051600,0.101000,0.182600
1777273595.166905,0.197700,0.092400,0.066600,0.030100,0.178300,0.595100,0.272900,0.043000,0.017200,0.120300,0.285700,0.032200,0.047300,0.023600,0.055900,0.062300,0.025800,0.023600,0.038700,0.238500,0.092400,0.038700,0.034400,0.253500,0.571500,0.197700,0.030100,0.053700,0.053700,0.253500,0.199800,0.053700,0.058000,0.083800,0.197700,0.221300,0.058000,0.053700,0.101000,0.182600
1777273595.650948,0.195500,0.092400,0.066600,0.030100,0.178300,0.597300,0.275000,0.051600,0.015000,0.120300,0.287900,0.027900,0.034400,0.040800,0.064500,0.055900,0.027900,0.017200,0.034400,0.236300,0.090200,0.025800,0.038700,0.251400,0.569300,0.197700,0.032200,0.055900,0.051600,0.253500,0.199800,0.053700,0.060200,0.081600,0.197700,0.221300,0.053700,0.058000,0.101000,0.182600
1777273596.134986,0.195500,0.092400,0.066600,0.032200,0.178300,0.599400,0.275000,0.047300,0.021500,0.120300,0.290000,0.030100,0.043000,0.027900,0.058000,0.060200,0.015000,0.021500,0.032200,0.240600,0.090200,0.036500,0.034400,0.253500,0.567200,0.197700,0.030100,0.049400,0.055900,0.253500,0.199800,0.053700,0.060200,0.081600,0.197700,0.221300,0.060200,0.053700,0.101000,0.182600
1777273596.617493,0.197700,0.092400,0.064500,0.027900,0.178300,0.601600,0.270700,0.051600,0.030100,0.111700,0.287900,0.055900,0.027900,0.021500,0.060200,0.058000,0.036500,0.038700,0.034400,0.240600,0.088100,0.027900,0.034400,0.251400,0.573600,0.197700,0.032200,0.060200,0.053700,0.253500,0.197700,0.055900,0.055900,0.081600,0.197700,0.223400,0.053700,0.062300,0.101000,0.182600
1777273597.102819,0.197700,0.092400,0.064500,0.030100,0.178300,0.597300,0.268600,0.047300,0.019300,0.111700,0.283600,0.034400,0.036500,0.025800,0.058000,0.051600,0.032200,0.032200,0.036500,0.244900,0.083800,0.045100,0.045100,0.255700,0.571500,0.197700,0.032200,0.055900,0.060200,0.253500,0.197700,0.053700,0.055900,0.081600,0.197700,0.221300,0.055900,0.051600,0.101000,0.182600
1777273597.586571,0.197700,0.090200,0.064500,0.030100,0.178300,0.590800,0.268600,0.025800,0.034400,0.118200,0.285700,0.047300,0.053700,0.038700,0.070900,0.055900,0.030100,0.032200,0.034400,0.242800,0.077300,0.034400,0.038700,0.257800,0.560700,0.197700,0.032200,0.053700,0.060200,0.253500,0.197700,0.053700,0.053700,0.081600,0.197700,0.223400,0.053700,0.055900,0.101000,0.182600
1777273598.070798,0.197700,0.090200,0.064500,0.027900,0.178300,0.588700,0.270700,0.047300,0.036500,0.109600,0.285700,0.017200,0.010700,0.034400,0.073000,0.055900,0.025800,0.021500,0.027900,0.240600,0.081600,0.025800,0.034400,0.253500,0.565000,0.197700,0.032200,0.047300,0.055900,0.253500,0.197700,0.053700,0.062300,0.081600,0.197700,0.223400,0.055900,0.053700,0.101000,0.182600
1777273598.554019,0.197700,0.092400,0.066600,0.030100,0.178300,0.595100,0.268600,0.045100,0.049400,0.122500,0.287900,0.040800,0.008600,0.019300,0.070900,0.055900,0.038700,0.032200,0.017200,0.242800,0.079500,0.027900,0.034400,0.255700,0.562900,0.197700,0.032200,0.060200,0.060200,0.253500,0.197700,0.053700,0.062300,0.081600,0.197700,0.223400,0.053700,0.053700,0.103100,0.182600
1777273599.038798,0.197700,0.092400,0.066600,0.030100,0.178300,0.597300,0.275000,0.036500,0.036500,0.124600,0.290000,0.036500,0.019300,0.032200,0.060200,0.058000,0.021500,0.034400,0.043000,0.242800,0.085900,0.025800,0.034400,0.260000,0.567200,0.197700,0.032200,0.058000,0.051600,0.253500,0.197700,0.053700,0.060200,0.081600,0.195500,0.221300,0.058000,0.049400,0.103100,0.182600
1777273599.522484,0.197700,0.090200,0.064500,0.027900,0.178300,0.597300,0.277100,0.049400,0.017200,0.118200,0.287900,0.027900,0.027900,0.030100,0.055900,0.064500,0.019300,0.025800,0.021500,0.240600,0.090200,0.034400,0.034400,0.253500,0.573600,0.197700,0.032200,0.055900,0.053700,0.253500,0.199800,0.055900,0.062300,0.081600,0.195500,0.221300,0.060200,0.055900,0.103100,0.182600
1777273600.006479,0.197700,0.090200,0.062300,0.027900,0.178300,0.597300,0.268600,0.051600,0.021500,0.111700,0.283600,0.055900,0.025800,0.023600,0.060200,0.049400,0.040800,0.012900,0.036500,0.244900,0.081600,0.030100,0.036500,0.257800,0.569300,0.197700,0.032200,0.051600,0.051600,0.253500,0.197700,0.055900,0.058000,0.081600,0.195500,0.221300,0.058000,0.049400,0.101000,0.182600
1777273600.490199,0.195500,0.090200,0.064500,0.030100,0.178300,0.590800,0.270700,0.045100,0.023600,0.107400,0.287900,0.017200,0.019300,0.047300,0.075200,0.058000,0.017200,0.008600,0.017200,0.242800,0.079500,0.045100,0.043000,0.257800,0.565000,0.197700,0.030100,0.049400,0.053700,0.253500,0.197700,0.053700,0.058000,0.081600,0.197700,0.223400,0.058000,0.053700,0.103100,0.182600
1777273600.974586,0.197700,0.092400,0.064500,0.030100,0.178300,0.593000,0.272900,0.034400,0.025800,0.118200,0.287900,0.043000,0.010700,0.021500,0.062300,0.062300,0.021500,0.017200,0.034400,0.242800,0.085900,0.032200,0.034400,0.260000,0.560700,0.197700,0.032200,0.055900,0.062300,0.253500,0.199800,0.053700,0.060200,0.081600,0.195500,0.221300,0.055900,0.058000,0.103100,0.182600
1777273601.457045,0.197700,0.092400,0.064500,0.030100,0.178300,0.597300,0.272900,0.045100,0.032200,0.116000,0.287900,0.036500,0.043000,0.030100,0.060200,0.058000,0.032200,0.015000,0.045100,0.236300,0.085900,0.027900,0.032200,0.251400,0.569300,0.197700,0.030100,0.053700,0.060200,0.251400,0.197700,0.053700,0.062300,0.081600,0.197700,0.223400,0.055900,0.058000,0.103100,0.184800
1777273601.939662,0.197700,0.092400,0.064500,0.030100,0.178300,0.599400,0.268600,0.032200,0.021500,0.111700,0.285700,0.049400,0.017200,0.023600,0.060200,0.049400,0.008600,0.019300,0.032200,0.242800,0.081600,0.036500,0.030100,0.247100,0.569300,0.197700,0.032200,0.051600,0.055900,0.253500,0.197700,0.055900,0.055900,0.081600,0.195500,0.221300,0.055900,0.049400,0.103100,0.184800
1777273602.426110,0.197700,0.090200,0.064500,0.030100,0.178300,0.593000,0.270700,0.047300,0.025800,0.107400,0.290000,0.045100,0.010700,0.038700,0.075200,0.055900,0.023600,0.025800,0.015000,0.242800,0.077300,0.043000,0.043000,0.257800,0.565000,0.197700,0.032200,0.049400,0.053700,0.251400,0.197700,0.055900,0.058000,0.079500,0.195500,0.223400,0.058000,0.053700,0.101000,0.182600
1777273602.910466,0.197700,0.092400,0.064500,0.030100,0.178300,0.595100,0.272900,0.038700,0.032200,0.120300,0.287900,0.017200,0.032200,0.036500,0.070900,0.055900,0.036500,0.038700,0.034400,0.247100,0.079500,0.032200,0.032200,0.257800,0.562900,0.197700,0.030100,0.047300,0.051600,0.251400,0.197700,0.053700,0.058000,0.079500,0.195500,0.223400,0.060200,0.051600,0.103100,0.182600
1777273603.393962,0.197700,0.092400,0.064500,0.030100,0.178300,0.588700,0.270700,0.038700,0.034400,0.118200,0.287900,0.032200,0.012900,0.030100,0.062300,0.060200,0.030100,0.019300,0.043000,0.244900,0.085900,0.030100,0.036500,0.262100,0.560700,0.197700,0.032200,0.053700,0.055900,0.253500,0.199800,0.053700,0.058000,0.079500,0.195500,0.221300,0.060200,0.058000,0.103100,0.182600
1777273603.878418,0.197700,0.090200,0.064500,0.030100,0.178300,0.599400,0.272900,0.038700,0.032200,0.111700,0.283600,0.058000,0.025800,0.015000,0.060200,0.049400,0.027900,0.032200,0.043000,0.232000,0.088100,0.027900,0.032200,0.249200,0.573600,0.197700,0.032200,0.051600,0.055900,0.251400,0.197700,0.053700,0.060200,0.081600,0.195500,0.223400,0.055900,0.053700,0.103100,0.182600
1777273604.362384,0.197700,0.090200,0.064500,0.030100,0.178300,0.599400,0.270700,0.055900,0.025800,0.111700,0.285700,0.049400,0.023600,0.023600,0.062300,0.051600,0.030100,0.036500,0.040800,0.236300,0.079500,0.027900,0.034400,0.249200,0.573600,0.197700,0.032200,0.053700,0.053700,0.251400,0.197700,0.055900,0.060200,0.081600,0.195500,0.221300,0.053700,0.055900,0.103100,0.184800
1777273604.846169,0.197700,0.090200,0.064500,0.030100,0.178300,0.597300,0.270700,0.025800,0.023600,0.109600,0.283600,0.036500,0.030100,0.051600,0.075200,0.055900,0.017200,0.019300,0.038700,0.242800,0.081600,0.047300,0.045100,0.255700,0.569300,0.197700,0.032200,0.058000,0.051600,0.251400,0.197700,0.055900,0.055900,0.079500,0.195500,0.223400,0.055900,0.053700,0.103100,0.182600
1777273605.330264,0.199800,0.090200,0.064500,0.030100,0.178300,0.595100,0.272900,0.047300,0.021500,0.116000,0.287900,0.040800,0.030100,0.017200,0.062300,0.062300,0.023600,0.027900,0.040800,0.244900,0.083800,0.032200,0.036500,0.262100,0.565000,0.197700,0.032200,0.051600,0.053700,0.251400,0.199800,0.053700,0.055900,0.079500,0.195500,0.223400,0.060200,0.049400,0.103100,0.182600
1777273605.813699,0.197700,0.090200,0.064500,0.030100,0.178300,0.595100,0.281400,0.062300,0.032200,0.118200,0.285700,0.015000,0.036500,0.027900,0.053700,0.062300,0.023600,0.023600,0.027900,0.240600,0.090200,0.043000,0.032200,0.253500,0.571500,0.197700,0.034400,0.058000,0.053700,0.253500,0.199800,0.053700,0.053700,0.079500,0.195500,0.223400,0.055900,0.051600,0.103100,0.182600
1777273606.298048,0.197700,0.090200,0.064500,0.030100,0.178300,0.597300,0.272900,0.043000,0.032200,0.113900,0.283600,0.040800,0.008600,0.019300,0.058000,0.058000,0.038700,0.032200,0.032200,0.236300,0.085900,0.025800,0.036500,0.251400,0.571500,0.197700,0.032200,0.060200,0.058000,0.251400,0.197700,0.055900,0.062300,0.081600,0.195500,0.223400,0.055900,0.051600,0.103100,0.182600
1777273606.782149,0.197700,0.090200,0.066600,0.030100,0.178300,0.599400,0.270700,0.038700,0.019300,0.111700,0.283600,0.025800,0.030100,0.019300,0.058000,0.051600,0.032200,0.019300,0.036500,0.240600,0.081600,0.030100,0.034400,0.249200,0.567200,0.197700,0.032200,0.053700,0.051600,0.251400,0.197700,0.053700,0.060200,0.079500,0.195500,0.221300,0.058000,0.058000,0.103100,0.184800
1777273607.265829,0.197700,0.092400,0.064500,0.030100,0.178300,0.597300,0.275000,0.047300,0.015000,0.118200,0.287900,0.036500,0.030100,0.025800,0.058000,0.060200,0.017200,0.017200,0.040800,0.242800,0.088100,0.025800,0.032200,0.255700,0.569300,0.197700,0.032200,0.055900,0.058000,0.251400,0.199800,0.053700,0.062300,0.079500,0.195500,0.221300,0.058000,0.055900,0.103100,0.182600
1777273607.750078,0.197700,0.090200,0.062300,0.027900,0.178300,0.597300,0.272900,0.038700,0.038700,0.116000,0.287900,0.030100,0.027900,0.021500,0.058000,0.058000,0.051600,0.015000,0.015000,0.240600,0.083800,0.027900,0.032200,0.251400,0.571500,0.197700,0.032200,0.055900,0.053700,0.251400,0.197700,0.055900,0.055900,0.079500,0.195500,0.223400,0.058000,0.055900,0.103100,0.182600
1777273608.233601,0.197700,0.090200,0.064500,0.030100,0.178300,0.597300,0.270700,0.034400,0.023600,0.111700,0.283600,0.055900,0.034400,0.017200,0.062300,0.049400,0.012900,0.025800,0.043000,0.242800,0.081600,0.025800,0.030100,0.249200,0.571500,0.197700,0.030100,0.047300,0.053700,0.251400,0.197700,0.053700,0.058000,0.079500,0.195500,0.223400,0.055900,0.051600,0.103100,0.182600
1777273608.717773,0.197700,0.090200,0.066600,0.032200,0.178300,0.590800,0.270700,0.036500,0.021500,0.109600,0.283600,0.034400,0.015000,0.047300,0.073000,0.055900,0.023600,0.019300,0.040800,0.240600,0.079500,0.043000,0.038700,0.255700,0.565000,0.197700,0.032200,0.049400,0.055900,0.251400,0.197700,0.055900,0.058000,0.079500,0.195500,0.223400,0.058000,0.058000,0.103100,0.182600
1777273609.202029,0.199800,0.090200,0.066600,0.030100,0.178300,0.593000,0.272900,0.038700,0.023600,0.120300,0.287900,0.040800,0.023600,0.023600,0.062300,0.060200,0.027900,0.027900,0.040800,0.244900,0.085900,0.030100,0.034400,0.264300,0.556400,0.197700,0.030100,0.051600,0.058000,0.253500,0.199800,0.053700,0.060200,0.079500,0.195500,0.223400,0.058000,0.058000,0.103100,0.182600
1777273609.685972,0.197700,0.090200,0.066600,0.030100,0.178300,0.597300,0.272900,0.032200,0.036500,0.116000,0.287900,0.017200,0.021500,0.027900,0.060200,0.058000,0.040800,0.015000,0.043000,0.238500,0.083800,0.032200,0.032200,0.251400,0.569300,0.197700,0.032200,0.051600,0.058000,0.251400,0.197700,0.055900,0.062300,0.079500,0.195500,0.223400,0.053700,0.053700,0.103100,0.184800
1777273610.169922,0.197700,0.092400,0.064500,0.032200,0.178300,0.595100,0.270700,0.036500,0.021500,0.109600,0.283600,0.019300,0.030100,0.045100,0.064500,0.055900,0.025800,0.027900,0.030100,0.247100,0.079500,0.047300,0.045100,0.260000,0.567200,0.197700,0.032200,0.060200,0.053700,0.251400,0.197700,0.055900,0.055900,0.079500,0.193400,0.221300,0.058000,0.051600,0.103100,0.182600
1777273610.653802,0.199800,0.090200,0.064500,0.030100,0.178300,0.597300,0.272900,0.038700,0.030100,0.118200,0.287900,0.034400,0.019300,0.030100,0.060200,0.060200,0.019300,0.023600,0.043000,0.247100,0.083800,0.025800,0.034400,0.262100,0.567200,0.197700,0.032200,0.051600,0.058000,0.251400,0.197700,0.055900,0.062300,0.079500,0.193400,0.223400,0.058000,0.049400,0.103100,0.182600
1777273611.137686,0.197700,0.090200,0.064500,0.030100,0.178300,0.599400,0.270700,0.025800,0.019300,0.111700,0.283600,0.051600,0.019300,0.019300,0.058000,0.051600,0.038700,0.032200,0.030100,0.244900,0.081600,0.025800,0.036500,0.251400,0.569300,0.195500,0.032200,0.051600,0.051600,0.253500,0.197700,0.055900,0.060200,0.079500,0.195500,0.223400,0.055900,0.049400,0.103100,0.184800
1777273611.621144,0.199800,0.090200,0.064500,0.030100,0.178300,0.588700,0.272900,0.040800,0.036500,0.116000,0.287900,0.040800,0.017200,0.015000,0.070900,0.055900,0.038700,0.032200,0.036500,0.244900,0.075200,0.025800,0.034400,0.260000,0.562900,0.197700,0.030100,0.055900,0.058000,0.251400,0.197700,0.055900,0.058000,0.079500,0.195500,0.223400,0.060200,0.053700,0.103100,0.182600
1777273612.105568,0.199800,0.090200,0.066600,0.030100,0.178300,0.593000,0.275000,0.040800,0.025800,0.118200,0.290000,0.038700,0.023600,0.023600,0.062300,0.060200,0.034400,0.023600,0.047300,0.242800,0.085900,0.034400,0.036500,0.262100,0.562900,0.197700,0.032200,0.051600,0.055900,0.253500,0.197700,0.053700,0.058000,0.079500,0.193400,0.223400,0.058000,0.049400,0.103100,0.182600
1777273612.589320,0.199800,0.092400,0.064500,0.032200,0.178300,0.601600,0.270700,0.030100,0.023600,0.109600,0.287900,0.058000,0.032200,0.015000,0.060200,0.055900,0.032200,0.030100,0.017200,0.238500,0.085900,0.030100,0.032200,0.251400,0.571500,0.197700,0.032200,0.049400,0.053700,0.251400,0.197700,0.055900,0.058000,0.079500,0.193400,0.223400,0.058000,0.053700,0.103100,0.184800
1777273613.073497,0.199800,0.090200,0.064500,0.030100,0.178300,0.593000,0.270700,0.043000,0.023600,0.105300,0.290000,0.034400,0.023600,0.027900,0.075200,0.055900,0.019300,0.027900,0.036500,0.244900,0.077300,0.027900,0.036500,0.257800,0.567200,0.197700,0.032200,0.060200,0.053700,0.251400,0.197700,0.053700,0.058000,0.079500,0.193400,0.223400,0.060200,0.053700,0.103100,0.182600
1777273613.557436,0.199800,0.090200,0.064500,0.030100,0.178300,0.590800,0.272900,0.025800,0.025800,0.118200,0.287900,0.040800,0.032200,0.021500,0.062300,0.062300,0.027900,0.021500,0.047300,0.244900,0.083800,0.034400,0.036500,0.264300,0.560700,0.197700,0.032200,0.053700,0.055900,0.253500,0.197700,0.053700,0.058000,0.079500,0.193400,0.223400,0.055900,0.058000,0.103100,0.184800
1777273614.041389,0.199800,0.090200,0.062300,0.030100,0.178300,0.595100,0.272900,0.027900,0.034400,0.116000,0.285700,0.023600,0.010700,0.023600,0.058000,0.058000,0.043000,0.025800,0.017200,0.238500,0.083800,0.025800,0.034400,0.253500,0.569300,0.197700,0.030100,0.049400,0.051600,0.251400,0.197700,0.053700,0.058000,0.079500,0.193400,0.223400,0.055900,0.058000,0.103100,0.182600
1777273614.525013,0.199800,0.090200,0.064500,0.032200,0.178300,0.599400,0.270700,0.034400,0.019300,0.111700,0.285700,0.060200,0.023600,0.012900,0.062300,0.051600,0.032200,0.034400,0.034400,0.236300,0.081600,0.027900,0.034400,0.253500,0.573600,0.197700,0.032200,0.055900,0.055900,0.251400,0.197700,0.055900,0.055900,0.079500,0.193400,0.223400,0.058000,0.055900,0.103100,0.184800
1777273615.008375,0.199800,0.090200,0.064500,0.030100,0.178300,0.597300,0.270700,0.045100,0.019300,0.109600,0.285700,0.036500,0.036500,0.040800,0.058000,0.051600,0.030100,0.025800,0.034400,0.244900,0.079500,0.032200,0.032200,0.251400,0.569300,0.195500,0.032200,0.053700,0.058000,0.251400,0.197700,0.055900,0.060200,0.079500,0.193400,0.221300,0.055900,0.055900,0.103100,0.182600
1777273615.491738,0.199800,0.090200,0.064500,0.030100,0.178300,0.593000,0.272900,0.051600,0.021500,0.107400,0.287900,0.021500,0.027900,0.017200,0.073000,0.058000,0.040800,0.019300,0.027900,0.244900,0.077300,0.027900,0.034400,0.260000,0.567200,0.197700,0.032200,0.049400,0.055900,0.251400,0.197700,0.055900,0.060200,0.079500,0.193400,0.223400,0.055900,0.060200,0.103100,0.184800
1777273615.977260,0.199800,0.090200,0.064500,0.030100,0.178300,0.595100,0.272900,0.027900,0.025800,0.118200,0.285700,0.051600,0.058000,0.032200,0.058000,0.062300,0.015000,0.030100,0.034400,0.242800,0.088100,0.038700,0.036500,0.257800,0.569300,0.197700,0.032200,0.053700,0.055900,0.253500,0.197700,0.053700,0.055900,0.079500,0.193400,0.223400,0.060200,0.051600,0.103100,0.182600
1777273616.461194,0.199800,0.090200,0.064500,0.030100,0.178300,0.599400,0.270700,0.025800,0.021500,0.111700,0.283600,0.045100,0.040800,0.017200,0.058000,0.049400,0.058000,0.017200,0.025800,0.242800,0.081600,0.027900,0.032200,0.253500,0.567200,0.195500,0.032200,0.055900,0.053700,0.253500,0.197700,0.053700,0.060200,0.079500,0.193400,0.223400,0.055900,0.055900,0.103100,0.182600
1777273616.944982,0.199800,0.090200,0.066600,0.030100,0.178300,0.595100,0.272900,0.040800,0.025800,0.107400,0.287900,0.017200,0.012900,0.047300,0.068700,0.055900,0.023600,0.036500,0.038700,0.244900,0.079500,0.045100,0.045100,0.262100,0.565000,0.197700,0.030100,0.058000,0.053700,0.251400,0.197700,0.053700,0.062300,0.079500,0.195500,0.223400,0.055900,0.060200,0.103100,0.182600
1777273617.429159,0.199800,0.090200,0.064500,0.032200,0.178300,0.597300,0.277100,0.055900,0.027900,0.118200,0.287900,0.034400,0.023600,0.021500,0.058000,0.058000,0.021500,0.021500,0.047300,0.240600,0.085900,0.032200,0.034400,0.257800,0.571500,0.195500,0.032200,0.051600,0.055900,0.251400,0.197700,0.053700,0.062300,0.079500,0.193400,0.223400,0.058000,0.058000,0.103100,0.182600
1777273617.913106,0.199800,0.090200,0.066600,0.030100,0.178300,0.603700,0.272900,0.027900,0.030100,0.111700,0.285700,0.058000,0.030100,0.027900,0.060200,0.053700,0.015000,0.036500,0.019300,0.240600,0.083800,0.027900,0.034400,0.253500,0.573600,0.197700,0.030100,0.053700,0.053700,0.251400,0.197700,0.055900,0.060200,0.079500,0.193400,0.223400,0.058000,0.049400,0.103100,0.184800
1777273618.397109,0.199800,0.090200,0.066600,0.030100,0.178300,0.595100,0.270700,0.043000,0.021500,0.107400,0.290000,0.032200,0.019300,0.047300,0.075200,0.055900,0.027900,0.008600,0.034400,0.242800,0.077300,0.040800,0.038700,0.257800,0.567200,0.197700,0.032200,0.053700,0.051600,0.251400,0.197700,0.055900,0.060200,0.079500,0.193400,0.223400,0.058000,0.051600,0.103100,0.182600
1777273618.880950,0.202000,0.090200,0.064500,0.030100,0.178300,0.593000,0.277100,0.043000,0.032200,0.120300,0.287900,0.047300,0.036500,0.025800,0.062300,0.058000,0.032200,0.025800,0.034400,0.244900,0.083800,0.027900,0.036500,0.260000,0.569300,0.197700,0.032200,0.049400,0.055900,0.251400,0.197700,0.055900,0.053700,0.081600,0.193400,0.223400,0.055900,0.053700,0.103100,0.182600
1777273619.364893,0.199800,0.090200,0.066600,0.030100,0.178300,0.597300,0.279300,0.062300,0.032200,0.118200,0.287900,0.049400,0.047300,0.030100,0.055900,0.060200,0.012900,0.015000,0.038700,0.238500,0.090200,0.027900,0.032200,0.255700,0.571500,0.197700,0.032200,0.060200,0.058000,0.251400,0.197700,0.053700,0.062300,0.081600,0.193400,0.223400,0.055900,0.049400,0.105300,0.182600
1777273619.846198,0.199800,0.090200,0.066600,0.030100,0.178300,0.599400,0.279300,0.058000,0.015000,0.118200,0.292200,0.036500,0.040800,0.030100,0.062300,0.055900,0.045100,0.025800,0.021500,0.238500,0.085900,0.032200,0.032200,0.253500,0.569300,0.197700,0.030100,0.060200,0.060200,0.251400,0.197700,0.055900,0.055900,0.081600,0.193400,0.223400,0.058000,0.049400,0.103100,0.184800
1777273620.329845,0.199800,0.090200,0.064500,0.030100,0.178300,0.599400,0.270700,0.025800,0.019300,0.109600,0.283600,0.034400,0.032200,0.040800,0.068700,0.055900,0.032200,0.025800,0.025800,0.244900,0.081600,0.047300,0.045100,0.257800,0.569300,0.197700,0.032200,0.060200,0.055900,0.251400,0.197700,0.055900,0.058000,0.079500,0.193400,0.223400,0.058000,0.055900,0.103100,0.182600
1777273620.815801,0.202000,0.090200,0.064500,0.030100,0.178300,0.595100,0.275000,0.032200,0.023600,0.120300,0.290000,0.043000,0.027900,0.023600,0.060200,0.060200,0.025800,0.019300,0.038700,0.247100,0.083800,0.025800,0.034400,0.262100,0.571500,0.197700,0.032200,0.049400,0.055900,0.251400,0.197700,0.053700,0.055900,0.079500,0.193400,0.223400,0.058000,0.053700,0.103100,0.182600
1777273621.300713,0.199800,0.088100,0.064500,0.030100,0.178300,0.595100,0.275000,0.045100,0.036500,0.116000,0.285700,0.032200,0.025800,0.025800,0.058000,0.058000,0.030100,0.025800,0.015000,0.238500,0.083800,0.025800,0.034400,0.253500,0.571500,0.197700,0.030100,0.062300,0.051600,0.251400,0.197700,0.055900,0.053700,0.081600,0.195500,0.223400,0.055900,0.053700,0.103100,0.182600
1777273621.784500,0.202000,0.090200,0.066600,0.030100,0.178300,0.597300,0.272900,0.025800,0.021500,0.109600,0.283600,0.049400,0.032200,0.040800,0.064500,0.055900,0.030100,0.021500,0.032200,0.244900,0.081600,0.047300,0.047300,0.262100,0.569300,0.197700,0.030100,0.053700,0.055900,0.251400,0.197700,0.053700,0.060200,0.081600,0.193400,0.223400,0.060200,0.055900,0.103100,0.182600
1777273622.266991,0.202000,0.090200,0.066600,0.030100,0.178300,0.595100,0.270700,0.045100,0.038700,0.118200,0.292200,0.043000,0.032200,0.017200,0.064500,0.055900,0.043000,0.036500,0.034400,0.247100,0.073000,0.032200,0.034400,0.262100,0.562900,0.197700,0.032200,0.058000,0.060200,0.251400,0.197700,0.055900,0.062300,0.081600,0.193400,0.223400,0.055900,0.051600,0.103100,0.182600
1777273622.752115,0.202000,0.090200,0.064500,0.030100,0.178300,0.595100,0.275000,0.025800,0.023600,0.116000,0.290000,0.040800,0.017200,0.017200,0.064500,0.060200,0.027900,0.030100,0.045100,0.249200,0.083800,0.030100,0.034400,0.266400,0.562900,0.197700,0.034400,0.058000,0.058000,0.251400,0.197700,0.055900,0.066600,0.081600,0.193400,0.223400,0.055900,0.055900,0.103100,0.182600
1777273623.235597,0.202000,0.090200,0.066600,0.030100,0.178300,0.597300,0.277100,0.027900,0.017200,0.120300,0.290000,0.036500,0.034400,0.038700,0.066600,0.055900,0.021500,0.017200,0.034400,0.242800,0.083800,0.025800,0.034400,0.257800,0.569300,0.197700,0.030100,0.051600,0.055900,0.251400,0.197700,0.055900,0.058000,0.081600,0.193400,0.223400,0.055900,0.055900,0.103100,0.182600
1777273623.720053,0.202000,0.088100,0.064500,0.030100,0.178300,0.601600,0.272900,0.032200,0.021500,0.109600,0.283600,0.053700,0.023600,0.021500,0.062300,0.051600,0.010700,0.043000,0.027900,0.238500,0.083800,0.034400,0.034400,0.253500,0.573600,0.197700,0.032200,0.055900,0.055900,0.251400,0.197700,0.055900,0.058000,0.081600,0.195500,0.223400,0.055900,0.055900,0.103100,0.184800
1777273624.204415,0.202000,0.088100,0.064500,0.030100,0.178300,0.601600,0.272900,0.051600,0.021500,0.111700,0.285700,0.049400,0.008600,0.012900,0.062300,0.049400,0.030100,0.034400,0.038700,0.236300,0.083800,0.027900,0.034400,0.253500,0.573600,0.197700,0.032200,0.053700,0.055900,0.251400,0.197700,0.053700,0.058000,0.083800,0.193400,0.223400,0.055900,0.053700,0.103100,0.184800
1777273624.687547,0.202000,0.090200,0.066600,0.030100,0.178300,0.601600,0.272900,0.040800,0.023600,0.107400,0.287900,0.053700,0.021500,0.027900,0.060200,0.060200,0.049400,0.038700,0.015000,0.238500,0.085900,0.027900,0.036500,0.253500,0.573600,0.197700,0.032200,0.058000,0.055900,0.251400,0.197700,0.053700,0.060200,0.083800,0.193400,0.223400,0.053700,0.051600,0.103100,0.184800
1777273625.171256,0.202000,0.090200,0.066600,0.030100,0.178300,0.597300,0.272900,0.040800,0.019300,0.107400,0.290000,0.017200,0.017200,0.043000,0.064500,0.055900,0.025800,0.032200,0.023600,0.251400,0.077300,0.049400,0.047300,0.264300,0.569300,0.197700,0.032200,0.058000,0.051600,0.251400,0.197700,0.055900,0.062300,0.081600,0.193400,0.221300,0.055900,0.053700,0.103100,0.182600
1777273625.654358,0.202000,0.088100,0.064500,0.032200,0.178300,0.593000,0.272900,0.038700,0.036500,0.118200,0.290000,0.021500,0.012900,0.034400,0.075200,0.055900,0.010700,0.040800,0.032200,0.249200,0.073000,0.036500,0.038700,0.262100,0.565000,0.197700,0.032200,0.055900,0.058000,0.251400,0.197700,0.055900,0.060200,0.081600,0.193400,0.223400,0.060200,0.051600,0.101000,0.182600
1777273626.137910,0.202000,0.090200,0.064500,0.030100,0.178300,0.595100,0.275000,0.051600,0.027900,0.118200,0.290000,0.045100,0.023600,0.027900,0.062300,0.060200,0.027900,0.023600,0.045100,0.249200,0.083800,0.027900,0.034400,0.268600,0.562900,0.197700,0.032200,0.051600,0.051600,0.251400,0.197700,0.053700,0.055900,0.081600,0.193400,0.223400,0.053700,0.058000,0.103100,0.182600
1777273626.621732,0.202000,0.088100,0.066600,0.030100,0.178300,0.599400,0.281400,0.047300,0.021500,0.118200,0.285700,0.047300,0.047300,0.025800,0.055900,0.060200,0.032200,0.017200,0.040800,0.240600,0.088100,0.027900,0.032200,0.260000,0.569300,0.195500,0.032200,0.058000,0.055900,0.251400,0.197700,0.053700,0.062300,0.083800,0.193400,0.221300,0.053700,0.051600,0.103100,0.182600
1777273627.108330,0.204100,0.090200,0.066600,0.030100,0.178300,0.599400,0.277100,0.043000,0.021500,0.118200,0.292200,0.047300,0.032200,0.021500,0.062300,0.060200,0.021500,0.040800,0.036500,0.244900,0.083800,0.027900,0.034400,0.260000,0.569300,0.195500,0.032200,0.053700,0.058000,0.251400,0.197700,0.055900,0.060200,0.083800,0.193400,0.223400,0.055900,0.053700,0.103100,0.182600
1777273627.590317,0.202000,0.090200,0.066600,0.030100,0.178300,0.603700,0.270700,0.055900,0.034400,0.113900,0.287900,0.053700,0.038700,0.015000,0.058000,0.055900,0.030100,0.040800,0.038700,0.240600,0.085900,0.032200,0.032200,0.251400,0.575800,0.197700,0.032200,0.049400,0.058000,0.249200,0.197700,0.055900,0.066600,0.083800,0.193400,0.223400,0.053700,0.053700,0.101000,0.184800
1777273628.076207,0.202000,0.088100,0.064500,0.030100,0.178300,0.599400,0.270700,0.025800,0.021500,0.109600,0.283600,0.034400,0.027900,0.032200,0.062300,0.053700,0.036500,0.010700,0.034400,0.247100,0.079500,0.047300,0.047300,0.262100,0.571500,0.197700,0.032200,0.049400,0.051600,0.249200,0.197700,0.055900,0.062300,0.083800,0.193400,0.223400,0.053700,0.053700,0.101000,0.182600
1777273628.558912,0.204100,0.088100,0.064500,0.030100,0.178300,0.593000,0.272900,0.034400,0.030100,0.118200,0.287900,0.036500,0.021500,0.017200,0.064500,0.060200,0.025800,0.023600,0.040800,0.247100,0.081600,0.034400,0.036500,0.264300,0.565000,0.195500,0.032200,0.055900,0.055900,0.251400,0.197700,0.053700,0.060200,0.083800,0.193400,0.223400,0.053700,0.053700,0.103100,0.182600
1777273629.044243,0.202000,0.088100,0.066600,0.030100,0.178300,0.599400,0.272900,0.027900,0.019300,0.109600,0.281400,0.032200,0.032200,0.036500,0.060200,0.053700,0.030100,0.030100,0.015000,0.247100,0.079500,0.045100,0.045100,0.262100,0.567200,0.195500,0.032200,0.055900,0.058000,0.251400,0.197700,0.055900,0.062300,0.083800,0.193400,0.223400,0.055900,0.055900,0.103100,0.182600
1777273629.528234,0.202000,0.088100,0.064500,0.030100,0.178300,0.593000,0.272900,0.032200,0.047300,0.111700,0.287900,0.036500,0.045100,0.027900,0.075200,0.055900,0.021500,0.049400,0.034400,0.244900,0.077300,0.027900,0.034400,0.257800,0.565000,0.197700,0.032200,0.055900,0.055900,0.249200,0.197700,0.053700,0.060200,0.083800,0.195500,0.223400,0.053700,0.060200,0.103100,0.182600
1777273630.011435,0.204100,0.090200,0.066600,0.030100,0.178300,0.597300,0.270700,0.053700,0.036500,0.118200,0.292200,0.036500,0.012900,0.019300,0.064500,0.060200,0.030100,0.025800,0.038700,0.249200,0.081600,0.030100,0.036500,0.266400,0.560700,0.195500,0.032200,0.053700,0.060200,0.249200,0.197700,0.055900,0.058000,0.083800,0.193400,0.223400,0.060200,0.047300,0.103100,0.182600
1777273630.496243,0.202000,0.090200,0.066600,0.032200,0.178300,0.599400,0.277100,0.043000,0.034400,0.118200,0.290000,0.040800,0.049400,0.027900,0.058000,0.064500,0.015000,0.032200,0.036500,0.244900,0.088100,0.038700,0.045100,0.257800,0.573600,0.195500,0.034400,0.049400,0.053700,0.249200,0.197700,0.055900,0.060200,0.083800,0.193400,0.223400,0.058000,0.058000,0.101000,0.182600
1777273630.980274,0.202000,0.088100,0.064500,0.030100,0.178300,0.601600,0.272900,0.036500,0.019300,0.111700,0.283600,0.025800,0.034400,0.036500,0.060200,0.047300,0.023600,0.027900,0.040800,0.244900,0.079500,0.032200,0.034400,0.251400,0.571500,0.195500,0.032200,0.053700,0.055900,0.251400,0.195500,0.055900,0.060200,0.083800,0.193400,0.223400,0.051600,0.051600,0.101000,0.182600
1777273631.463953,0.202000,0.088100,0.066600,0.030100,0.178300,0.597300,0.272900,0.027900,0.019300,0.109600,0.283600,0.047300,0.032200,0.019300,0.060200,0.049400,0.025800,0.015000,0.047300,0.242800,0.079500,0.034400,0.034400,0.251400,0.571500,0.195500,0.032200,0.055900,0.055900,0.251400,0.195500,0.055900,0.060200,0.085900,0.193400,0.223400,0.053700,0.058000,0.103100,0.182600
1777273631.948305,0.202000,0.088100,0.066600,0.030100,0.178300,0.597300,0.272900,0.049400,0.027900,0.109600,0.285700,0.049400,0.027900,0.032200,0.062300,0.053700,0.038700,0.017200,0.023600,0.244900,0.079500,0.045100,0.047300,0.260000,0.567200,0.197700,0.032200,0.058000,0.051600,0.249200,0.197700,0.053700,0.058000,0.083800,0.193400,0.223400,0.055900,0.055900,0.101000,0.182600
1777273632.431803,0.204100,0.090200,0.064500,0.032200,0.178300,0.593000,0.275000,0.025800,0.038700,0.111700,0.290000,0.043000,0.019300,0.034400,0.073000,0.055900,0.030100,0.038700,0.040800,0.247100,0.075200,0.034400,0.038700,0.260000,0.567200,0.197700,0.032200,0.051600,0.053700,0.249200,0.197700,0.055900,0.055900,0.083800,0.193400,0.223400,0.058000,0.053700,0.101000,0.182600
1777273632.916072,0.204100,0.090200,0.064500,0.032200,0.178300,0.597300,0.275000,0.040800,0.023600,0.120300,0.290000,0.034400,0.032200,0.027900,0.062300,0.060200,0.019300,0.025800,0.043000,0.247100,0.081600,0.027900,0.034400,0.264300,0.569300,0.195500,0.032200,0.058000,0.053700,0.251400,0.197700,0.053700,0.060200,0.083800,0.193400,0.223400,0.055900,0.049400,0.101000,0.182600
1777273633.397443,0.202000,0.088100,0.064500,0.030100,0.178300,0.597300,0.279300,0.055900,0.017200,0.120300,0.285700,0.045100,0.027900,0.038700,0.062300,0.055900,0.025800,0.019300,0.034400,0.242800,0.081600,0.025800,0.034400,0.257800,0.569300,0.197700,0.030100,0.055900,0.055900,0.249200,0.197700,0.055900,0.062300,0.083800,0.195500,0.223400,0.051600,0.053700,0.101000,0.182600
1777273633.883868,0.202000,0.088100,0.066600,0.032200,0.178300,0.601600,0.272900,0.043000,0.023600,0.109600,0.285700,0.055900,0.008600,0.019300,0.062300,0.049400,0.025800,0.038700,0.038700,0.236300,0.079500,0.027900,0.034400,0.251400,0.573600,0.197700,0.030100,0.060200,0.060200,0.251400,0.195500,0.053700,0.068700,0.085900,0.193400,0.223400,0.055900,0.055900,0.103100,0.182600
1777273634.368083,0.202000,0.090200,0.066600,0.032200,0.178300,0.601600,0.272900,0.038700,0.021500,0.109600,0.287900,0.036500,0.030100,0.034400,0.060200,0.053700,0.045100,0.027900,0.038700,0.242800,0.081600,0.040800,0.047300,0.257800,0.571500,0.197700,0.032200,0.053700,0.053700,0.249200,0.195500,0.053700,0.060200,0.083800,0.193400,0.223400,0.055900,0.051600,0.101000,0.182600
1777273634.851607,0.204100,0.090200,0.064500,0.030100,0.178300,0.599400,0.275000,0.049400,0.025800,0.116000,0.290000,0.043000,0.010700,0.017200,0.062300,0.060200,0.023600,0.021500,0.040800,0.247100,0.081600,0.030100,0.036500,0.262100,0.569300,0.195500,0.032200,0.055900,0.051600,0.249200,0.195500,0.055900,0.064500,0.085900,0.193400,0.223400,0.058000,0.049400,0.103100,0.182600
1777273635.336114,0.202000,0.088100,0.066600,0.030100,0.178300,0.601600,0.272900,0.045100,0.030100,0.111700,0.285700,0.053700,0.027900,0.015000,0.060200,0.058000,0.027900,0.036500,0.038700,0.240600,0.085900,0.027900,0.034400,0.253500,0.575800,0.197700,0.032200,0.058000,0.053700,0.249200,0.195500,0.055900,0.060200,0.083800,0.193400,0.223400,0.058000,0.053700,0.101000,0.182600
1777273635.819843,0.202000,0.088100,0.064500,0.032200,0.178300,0.597300,0.270700,0.034400,0.021500,0.109600,0.283600,0.027900,0.032200,0.043000,0.062300,0.055900,0.030100,0.025800,0.032200,0.244900,0.081600,0.047300,0.047300,0.260000,0.571500,0.197700,0.032200,0.053700,0.055900,0.249200,0.195500,0.053700,0.055900,0.083800,0.193400,0.223400,0.055900,0.053700,0.101000,0.182600
1777273636.303281,0.204100,0.088100,0.066600,0.030100,0.178300,0.597300,0.275000,0.049400,0.017200,0.116000,0.287900,0.043000,0.043000,0.021500,0.060200,0.062300,0.019300,0.027900,0.047300,0.244900,0.083800,0.027900,0.034400,0.262100,0.567200,0.195500,0.032200,0.058000,0.058000,0.249200,0.197700,0.055900,0.060200,0.085900,0.193400,0.223400,0.060200,0.051600,0.103100,0.182600
1777273636.787061,0.202000,0.090200,0.066600,0.032200,0.178300,0.605900,0.270700,0.049400,0.023600,0.109600,0.287900,0.051600,0.019300,0.015000,0.062300,0.049400,0.017200,0.036500,0.047300,0.238500,0.077300,0.030100,0.034400,0.251400,0.573600,0.197700,0.032200,0.053700,0.058000,0.249200,0.195500,0.055900,0.062300,0.085900,0.193400,0.223400,0.053700,0.053700,0.101000,0.182600
1777273637.271724,0.202000,0.090200,0.066600,0.032200,0.178300,0.599400,0.272900,0.038700,0.021500,0.107400,0.290000,0.019300,0.027900,0.040800,0.064500,0.055900,0.038700,0.034400,0.021500,0.249200,0.075200,0.047300,0.049400,0.264300,0.567200,0.197700,0.032200,0.055900,0.055900,0.249200,0.195500,0.055900,0.066600,0.085900,0.193400,0.223400,0.058000,0.060200,0.101000,0.182600
1777273637.755584,0.204100,0.088100,0.064500,0.030100,0.178300,0.593000,0.272900,0.038700,0.038700,0.118200,0.290000,0.038700,0.017200,0.038700,0.075200,0.055900,0.012900,0.025800,0.047300,0.251400,0.073000,0.045100,0.047300,0.266400,0.567200,0.197700,0.032200,0.058000,0.051600,0.249200,0.195500,0.055900,0.058000,0.083800,0.193400,0.223400,0.055900,0.055900,0.101000,0.182600
1777273638.239633,0.204100,0.088100,0.064500,0.030100,0.178300,0.590800,0.275000,0.040800,0.040800,0.107400,0.287900,0.017200,0.023600,0.027900,0.073000,0.055900,0.038700,0.030100,0.017200,0.244900,0.077300,0.027900,0.034400,0.260000,0.569300,0.197700,0.032200,0.053700,0.058000,0.249200,0.195500,0.053700,0.062300,0.085900,0.193400,0.223400,0.053700,0.053700,0.101000,0.182600
1777273638.723098,0.204100,0.088100,0.066600,0.030100,0.178300,0.597300,0.277100,0.043000,0.025800,0.118200,0.285700,0.017200,0.038700,0.019300,0.058000,0.062300,0.019300,0.019300,0.040800,0.240600,0.088100,0.027900,0.034400,0.257800,0.571500,0.195500,0.032200,0.053700,0.060200,0.249200,0.197700,0.053700,0.060200,0.085900,0.193400,0.223400,0.053700,0.049400,0.103100,0.182600
1777273639.207608,0.202000,0.090200,0.066600,0.030100,0.178300,0.601600,0.275000,0.047300,0.036500,0.113900,0.287900,0.049400,0.032200,0.021500,0.058000,0.053700,0.019300,0.032200,0.038700,0.236300,0.088100,0.027900,0.032200,0.251400,0.575800,0.197700,0.030100,0.051600,0.058000,0.249200,0.195500,0.055900,0.058000,0.085900,0.193400,0.223400,0.058000,0.051600,0.101000,0.182600
1777273639.691835,0.204100,0.090200,0.066600,0.030100,0.178300,0.603700,0.272900,0.038700,0.021500,0.111700,0.287900,0.045100,0.030100,0.025800,0.062300,0.049400,0.040800,0.051600,0.032200,0.240600,0.075200,0.027900,0.036500,0.253500,0.577900,0.197700,0.030100,0.058000,0.053700,0.249200,0.195500,0.055900,0.060200,0.085900,0.193400,0.223400,0.055900,0.058000,0.101000,0.182600
1777273640.175312,0.204100,0.088100,0.064500,0.030100,0.178300,0.601600,0.272900,0.040800,0.023600,0.109600,0.285700,0.047300,0.019300,0.023600,0.062300,0.047300,0.032200,0.034400,0.036500,0.247100,0.079500,0.025800,0.034400,0.255700,0.571500,0.195500,0.034400,0.053700,0.055900,0.249200,0.195500,0.053700,0.060200,0.085900,0.193400,0.223400,0.051600,0.053700,0.101000,0.182600
1777273640.658604,0.204100,0.088100,0.064500,0.030100,0.178300,0.590800,0.272900,0.032200,0.045100,0.109600,0.285700,0.036500,0.027900,0.032200,0.073000,0.055900,0.030100,0.027900,0.027900,0.244900,0.077300,0.040800,0.038700,0.257800,0.567200,0.197700,0.032200,0.053700,0.060200,0.249200,0.195500,0.053700,0.058000,0.085900,0.193400,0.223400,0.055900,0.049400,0.101000,0.182600
1777273641.143489,0.204100,0.088100,0.066600,0.030100,0.178300,0.597300,0.275000,0.038700,0.023600,0.118200,0.290000,0.034400,0.021500,0.019300,0.062300,0.060200,0.023600,0.015000,0.038700,0.244900,0.083800,0.032200,0.036500,0.262100,0.567200,0.195500,0.032200,0.053700,0.058000,0.249200,0.197700,0.053700,0.055900,0.085900,0.193400,0.223400,0.055900,0.053700,0.103100,0.182600
1777273641.626640,0.204100,0.090200,0.066600,0.034400,0.178300,0.599400,0.277100,0.043000,0.019300,0.118200,0.290000,0.038700,0.019300,0.021500,0.058000,0.060200,0.023600,0.019300,0.027900,0.244900,0.083800,0.025800,0.036500,0.260000,0.571500,0.195500,0.032200,0.060200,0.055900,0.249200,0.197700,0.055900,0.060200,0.085900,0.193400,0.223400,0.055900,0.053700,0.103100,0.182600
1777273642.111405,0.204100,0.090200,0.066600,0.030100,0.178300,0.601600,0.270700,0.027900,0.019300,0.109600,0.283600,0.032200,0.030100,0.043000,0.060200,0.051600,0.034400,0.025800,0.040800,0.249200,0.077300,0.027900,0.034400,0.255700,0.571500,0.195500,0.032200,0.053700,0.055900,0.249200,0.195500,0.055900,0.062300,0.085900,0.193400,0.223400,0.055900,0.047300,0.101000,0.182600
1777273642.595414,0.204100,0.088100,0.064500,0.030100,0.178300,0.603700,0.272900,0.030100,0.021500,0.111700,0.285700,0.058000,0.032200,0.032200,0.062300,0.049400,0.025800,0.034400,0.032200,0.240600,0.081600,0.027900,0.034400,0.253500,0.575800,0.197700,0.030100,0.053700,0.053700,0.249200,0.195500,0.053700,0.058000,0.085900,0.193400,0.223400,0.055900,0.051600,0.101000,0.182600
1777273643.079389,0.204100,0.088100,0.064500,0.030100,0.178300,0.590800,0.275000,0.047300,0.034400,0.116000,0.290000,0.036500,0.023600,0.017200,0.064500,0.058000,0.043000,0.038700,0.036500,0.249200,0.079500,0.034400,0.036500,0.264300,0.560700,0.197700,0.032200,0.058000,0.055900,0.249200,0.195500,0.053700,0.055900,0.085900,0.193400,0.223400,0.053700,0.049400,0.103100,0.182600
1777273643.563253,0.204100,0.090200,0.066600,0.030100,0.178300,0.599400,0.277100,0.051600,0.027900,0.118200,0.290000,0.034400,0.025800,0.017200,0.060200,0.062300,0.027900,0.023600,0.049400,0.244900,0.083800,0.030100,0.034400,0.262100,0.567200,0.195500,0.032200,0.055900,0.058000,0.249200,0.197700,0.053700,0.060200,0.085900,0.193400,0.223400,0.055900,0.049400,0.103100,0.182600
1777273644.047233,0.204100,0.090200,0.066600,0.030100,0.178300,0.603700,0.275000,0.040800,0.034400,0.111700,0.287900,0.045100,0.025800,0.015000,0.060200,0.049400,0.030100,0.049400,0.043000,0.236300,0.083800,0.030100,0.034400,0.251400,0.577900,0.197700,0.032200,0.058000,0.051600,0.249200,0.195500,0.053700,0.058000,0.085900,0.193400,0.223400,0.055900,0.051600,0.101000,0.182600
1777273644.531175,0.204100,0.090200,0.064500,0.030100,0.178300,0.601600,0.272900,0.043000,0.025800,0.109600,0.285700,0.036500,0.032200,0.047300,0.060200,0.053700,0.010700,0.032200,0.043000,0.249200,0.079500,0.032200,0.034400,0.262100,0.573600,0.195500,0.032200,0.051600,0.053700,0.249200,0.195500,0.053700,0.060200,0.085900,0.193400,0.223400,0.055900,0.055900,0.101000,0.182600
1777273645.015344,0.204100,0.088100,0.064500,0.030100,0.178300,0.601600,0.272900,0.038700,0.025800,0.109600,0.287900,0.038700,0.027900,0.038700,0.062300,0.049400,0.036500,0.034400,0.047300,0.240600,0.079500,0.027900,0.034400,0.255700,0.575800,0.197700,0.032200,0.053700,0.051600,0.249200,0.195500,0.055900,0.058000,0.085900,0.193400,0.223400,0.058000,0.047300,0.101000,0.182600
1777273645.498309,0.204100,0.088100,0.066600,0.030100,0.178300,0.590800,0.275000,0.047300,0.025800,0.107400,0.287900,0.017200,0.012900,0.047300,0.064500,0.055900,0.032200,0.025800,0.032200,0.251400,0.073000,0.045100,0.047300,0.268600,0.565000,0.197700,0.030100,0.051600,0.055900,0.249200,0.195500,0.055900,0.066600,0.085900,0.193400,0.221300,0.058000,0.051600,0.103100,0.182600
1777273645.982961,0.204100,0.090200,0.066600,0.030100,0.178300,0.599400,0.277100,0.040800,0.019300,0.116000,0.290000,0.051600,0.017200,0.019300,0.062300,0.060200,0.019300,0.015000,0.045100,0.244900,0.081600,0.036500,0.036500,0.264300,0.565000,0.195500,0.032200,0.051600,0.051600,0.249200,0.195500,0.053700,0.060200,0.085900,0.193400,0.223400,0.055900,0.053700,0.103100,0.182600
1777273646.466350,0.204100,0.090200,0.066600,0.030100,0.178300,0.601600,0.279300,0.055900,0.025800,0.118200,0.290000,0.021500,0.010700,0.040800,0.066600,0.055900,0.034400,0.023600,0.047300,0.242800,0.083800,0.030100,0.034400,0.255700,0.569300,0.195500,0.032200,0.055900,0.055900,0.249200,0.195500,0.055900,0.060200,0.085900,0.193400,0.223400,0.053700,0.053700,0.101000,0.182600
1777273646.951146,0.204100,0.090200,0.064500,0.030100,0.178300,0.605900,0.272900,0.036500,0.027900,0.109600,0.287900,0.058000,0.021500,0.017200,0.060200,0.049400,0.040800,0.036500,0.036500,0.240600,0.083800,0.030100,0.034400,0.253500,0.577900,0.197700,0.032200,0.055900,0.055900,0.249200,0.195500,0.058000,0.064500,0.085900,0.193400,0.223400,0.055900,0.051600,0.101000,0.182600
1777273647.435118,0.204100,0.090200,0.064500,0.030100,0.178300,0.603700,0.272900,0.045100,0.023600,0.107400,0.285700,0.043000,0.012900,0.032200,0.062300,0.049400,0.038700,0.027900,0.036500,0.240600,0.081600,0.032200,0.034400,0.253500,0.577900,0.195500,0.032200,0.053700,0.053700,0.249200,0.195500,0.053700,0.062300,0.085900,0.193400,0.223400,0.053700,0.053700,0.101000,0.182600
1777273647.919191,0.204100,0.088100,0.066600,0.030100,0.178300,0.603700,0.275000,0.027900,0.025800,0.107400,0.285700,0.058000,0.023600,0.030100,0.060200,0.060200,0.043000,0.030100,0.025800,0.240600,0.081600,0.027900,0.034400,0.255700,0.573600,0.197700,0.030100,0.051600,0.060200,0.249200,0.195500,0.055900,0.055900,0.088100,0.193400,0.223400,0.051600,0.051600,0.101000,0.182600
1777273648.403202,0.204100,0.090200,0.066600,0.030100,0.178300,0.603700,0.272900,0.045100,0.021500,0.109600,0.287900,0.053700,0.027900,0.019300,0.062300,0.051600,0.040800,0.040800,0.027900,0.238500,0.083800,0.027900,0.034400,0.255700,0.575800,0.195500,0.030100,0.060200,0.058000,0.249200,0.195500,0.053700,0.062300,0.085900,0.193400,0.223400,0.053700,0.055900,0.101000,0.182600
1777273648.886683,0.204100,0.090200,0.066600,0.030100,0.178300,0.595100,0.275000,0.049400,0.040800,0.105300,0.292200,0.038700,0.038700,0.040800,0.077300,0.055900,0.036500,0.010700,0.030100,0.249200,0.073000,0.045100,0.045100,0.264300,0.567200,0.197700,0.032200,0.064500,0.053700,0.249200,0.195500,0.053700,0.058000,0.085900,0.193400,0.223400,0.055900,0.049400,0.101000,0.182600
1777273649.371107,0.204100,0.090200,0.066600,0.030100,0.178300,0.599400,0.277100,0.051600,0.021500,0.116000,0.290000,0.045100,0.047300,0.017200,0.060200,0.060200,0.021500,0.023600,0.047300,0.247100,0.083800,0.025800,0.034400,0.262100,0.575800,0.195500,0.032200,0.058000,0.055900,0.249200,0.195500,0.055900,0.055900,0.085900,0.191200,0.223400,0.060200,0.053700,0.101000,0.182600
1777273649.853903,0.204100,0.090200,0.064500,0.030100,0.178300,0.603700,0.272900,0.036500,0.023600,0.111700,0.285700,0.053700,0.034400,0.021500,0.060200,0.049400,0.023600,0.032200,0.043000,0.244900,0.077300,0.036500,0.036500,0.253500,0.575800,0.195500,0.032200,0.055900,0.060200,0.249200,0.195500,0.055900,0.060200,0.085900,0.193400,0.223400,0.051600,0.045100,0.101000,0.182600
1777273650.338986,0.204100,0.090200,0.066600,0.030100,0.178300,0.601600,0.272900,0.038700,0.021500,0.109600,0.285700,0.047300,0.025800,0.017200,0.060200,0.049400,0.034400,0.036500,0.032200,0.244900,0.079500,0.027900,0.036500,0.255700,0.573600,0.195500,0.032200,0.058000,0.055900,0.249200,0.195500,0.053700,0.064500,0.088100,0.191200,0.223400,0.051600,0.053700,0.103100,0.182600
1777273650.822565,0.204100,0.090200,0.066600,0.030100,0.178300,0.599400,0.277100,0.036500,0.038700,0.120300,0.292200,0.023600,0.025800,0.030100,0.062300,0.055900,0.032200,0.034400,0.034400,0.247100,0.083800,0.032200,0.038700,0.264300,0.565000,0.195500,0.036500,0.055900,0.058000,0.249200,0.195500,0.053700,0.060200,0.085900,0.191200,0.223400,0.053700,0.049400,0.103100,0.182600
1777273651.306437,0.204100,0.090200,0.066600,0.030100,0.178300,0.601600,0.275000,0.055900,0.043000,0.116000,0.290000,0.038700,0.025800,0.025800,0.058000,0.055900,0.051600,0.017200,0.025800,0.242800,0.081600,0.027900,0.036500,0.255700,0.573600,0.197700,0.030100,0.051600,0.051600,0.249200,0.195500,0.055900,0.064500,0.085900,0.193400,0.223400,0.055900,0.058000,0.101000,0.182600
1777273651.789766,0.204100,0.090200,0.066600,0.030100,0.178300,0.597300,0.272900,0.036500,0.021500,0.109600,0.283600,0.045100,0.030100,0.043000,0.060200,0.051600,0.034400,0.038700,0.027900,0.249200,0.077300,0.032200,0.036500,0.257800,0.571500,0.195500,0.032200,0.051600,0.051600,0.249200,0.195500,0.053700,0.062300,0.085900,0.191200,0.223400,0.053700,0.049400,0.101000,0.182600
1777273652.274854,0.204100,0.090200,0.064500,0.030100,0.178300,0.590800,0.277100,0.027900,0.032200,0.120300,0.290000,0.034400,0.025800,0.017200,0.064500,0.058000,0.036500,0.038700,0.021500,0.251400,0.077300,0.025800,0.034400,0.264300,0.565000,0.197700,0.034400,0.053700,0.055900,0.249200,0.195500,0.053700,0.055900,0.085900,0.193400,0.223400,0.058000,0.051600,0.101000,0.182600
1777273652.759174,0.204100,0.090200,0.066600,0.032200,0.178300,0.595100,0.277100,0.053700,0.040800,0.118200,0.290000,0.040800,0.021500,0.021500,0.064500,0.055900,0.038700,0.032200,0.032200,0.247100,0.079500,0.027900,0.034400,0.264300,0.560700,0.197700,0.032200,0.053700,0.053700,0.249200,0.195500,0.053700,0.060200,0.088100,0.193400,0.223400,0.060200,0.047300,0.103100,0.182600
1777273653.242825,0.204100,0.090200,0.066600,0.030100,0.178300,0.601600,0.277100,0.049400,0.023600,0.116000,0.290000,0.023600,0.023600,0.030100,0.058000,0.058000,0.023600,0.030100,0.055900,0.242800,0.083800,0.030100,0.034400,0.260000,0.571500,0.195500,0.032200,0.053700,0.053700,0.249200,0.195500,0.053700,0.055900,0.085900,0.191200,0.223400,0.053700,0.058000,0.103100,0.182600
1777273653.726673,0.204100,0.090200,0.066600,0.030100,0.178300,0.603700,0.272900,0.047300,0.019300,0.109600,0.285700,0.043000,0.034400,0.049400,0.060200,0.049400,0.010700,0.010700,0.032200,0.249200,0.077300,0.030100,0.036500,0.262100,0.571500,0.195500,0.032200,0.060200,0.055900,0.249200,0.195500,0.055900,0.060200,0.085900,0.191200,0.223400,0.055900,0.049400,0.101000,0.182600
1777273654.210582,0.204100,0.090200,0.066600,0.030100,0.178300,0.593000,0.272900,0.038700,0.036500,0.116000,0.290000,0.034400,0.025800,0.015000,0.068700,0.055900,0.036500,0.043000,0.032200,0.249200,0.079500,0.027900,0.038700,0.268600,0.567200,0.195500,0.032200,0.055900,0.051600,0.249200,0.195500,0.055900,0.060200,0.085900,0.191200,0.223400,0.058000,0.049400,0.101000,0.182600
1777273654.693565,0.202000,0.090200,0.066600,0.030100,0.178300,0.601600,0.272900,0.034400,0.021500,0.109600,0.285700,0.060200,0.027900,0.021500,0.062300,0.051600,0.021500,0.032200,0.040800,0.238500,0.081600,0.027900,0.034400,0.255700,0.575800,0.195500,0.030100,0.055900,0.051600,0.249200,0.195500,0.053700,0.055900,0.085900,0.193400,0.223400,0.055900,0.053700,0.103100,0.182600
1777273655.178444,0.204100,0.090200,0.066600,0.030100,0.178300,0.593000,0.275000,0.045100,0.036500,0.116000,0.292200,0.043000,0.025800,0.045100,0.062300,0.053700,0.045100,0.025800,0.036500,0.253500,0.073000,0.045100,0.049400,0.270700,0.560700,0.195500,0.030100,0.049400,0.055900,0.249200,0.195500,0.053700,0.064500,0.085900,0.193400,0.223400,0.055900,0.047300,0.103100,0.182600
1777273655.662344,0.204100,0.092400,0.066600,0.030100,0.178300,0.599400,0.279300,0.034400,0.027900,0.118200,0.294300,0.032200,0.019300,0.017200,0.062300,0.058000,0.015000,0.036500,0.051600,0.247100,0.081600,0.025800,0.043000,0.266400,0.571500,0.195500,0.032200,0.053700,0.060200,0.249200,0.195500,0.055900,0.062300,0.085900,0.191200,0.223400,0.058000,0.047300,0.101000,0.182600
1777273656.146272,0.204100,0.090200,0.066600,0.032200,0.178300,0.601600,0.272900,0.038700,0.019300,0.109600,0.285700,0.034400,0.034400,0.049400,0.060200,0.051600,0.023600,0.010700,0.017200,0.251400,0.075200,0.034400,0.049400,0.264300,0.571500,0.195500,0.032200,0.049400,0.051600,0.249200,0.195500,0.055900,0.064500,0.085900,0.191200,0.223400,0.053700,0.053700,0.101000,0.182600
1777273656.629703,0.202000,0.090200,0.066600,0.030100,0.178300,0.597300,0.277100,0.025800,0.021500,0.116000,0.287900,0.027900,0.045100,0.030100,0.058000,0.062300,0.023600,0.027900,0.023600,0.244900,0.085900,0.040800,0.036500,0.260000,0.573600,0.195500,0.032200,0.060200,0.051600,0.249200,0.195500,0.053700,0.060200,0.085900,0.191200,0.223400,0.055900,0.051600,0.101000,0.182600
1777273657.113790,0.202000,0.090200,0.066600,0.030100,0.178300,0.601600,0.272900,0.032200,0.019300,0.109600,0.283600,0.038700,0.040800,0.038700,0.058000,0.049400,0.025800,0.012900,0.034400,0.244900,0.077300,0.027900,0.038700,0.264300,0.571500,0.195500,0.032200,0.053700,0.055900,0.249200,0.193400,0.053700,0.060200,0.085900,0.191200,0.223400,0.053700,0.049400,0.103100,0.182600
1777273657.597798,0.204100,0.090200,0.068700,0.030100,0.178300,0.595100,0.272900,0.040800,0.043000,0.118200,0.292200,0.034400,0.021500,0.030100,0.073000,0.055900,0.030100,0.030100,0.030100,0.244900,0.075200,0.030100,0.036500,0.262100,0.567200,0.197700,0.032200,0.055900,0.055900,0.249200,0.195500,0.055900,0.062300,0.085900,0.191200,0.223400,0.053700,0.060200,0.103100,0.182600
1777273658.082084,0.202000,0.092400,0.066600,0.030100,0.178300,0.601600,0.277100,0.034400,0.023600,0.118200,0.290000,0.040800,0.036500,0.017200,0.055900,0.058000,0.023600,0.030100,0.036500,0.244900,0.083800,0.027900,0.032200,0.257800,0.575800,0.195500,0.032200,0.055900,0.058000,0.249200,0.195500,0.055900,0.060200,0.085900,0.191200,0.223400,0.055900,0.058000,0.101000,0.182600
1777273658.565614,0.204100,0.092400,0.064500,0.030100,0.178300,0.601600,0.275000,0.051600,0.036500,0.113900,0.290000,0.047300,0.012900,0.017200,0.058000,0.058000,0.038700,0.032200,0.023600,0.242800,0.081600,0.027900,0.034400,0.255700,0.575800,0.195500,0.032200,0.055900,0.051600,0.249200,0.195500,0.055900,0.058000,0.085900,0.191200,0.223400,0.058000,0.049400,0.101000,0.182600
1777273659.050062,0.202000,0.092400,0.064500,0.030100,0.178300,0.601600,0.272900,0.025800,0.021500,0.107400,0.285700,0.043000,0.019300,0.012900,0.062300,0.053700,0.032200,0.053700,0.038700,0.240600,0.083800,0.030100,0.034400,0.255700,0.575800,0.197700,0.032200,0.053700,0.058000,0.249200,0.195500,0.053700,0.060200,0.085900,0.193400,0.223400,0.053700,0.051600,0.101000,0.182600
1777273659.533465,0.202000,0.092400,0.066600,0.030100,0.178300,0.603700,0.272900,0.058000,0.027900,0.107400,0.285700,0.053700,0.021500,0.030100,0.060200,0.049400,0.030100,0.025800,0.043000,0.236300,0.079500,0.032200,0.034400,0.251400,0.575800,0.195500,0.032200,0.053700,0.058000,0.249200,0.195500,0.055900,0.062300,0.085900,0.193400,0.223400,0.055900,0.047300,0.103100,0.182600
1777273660.017990,0.202000,0.092400,0.066600,0.030100,0.178300,0.605900,0.272900,0.045100,0.023600,0.107400,0.287900,0.045100,0.030100,0.017200,0.062300,0.049400,0.034400,0.040800,0.030100,0.238500,0.079500,0.032200,0.034400,0.253500,0.575800,0.195500,0.032200,0.060200,0.055900,0.249200,0.195500,0.055900,0.060200,0.085900,0.191200,0.223400,0.055900,0.053700,0.101000,0.182600
1777273660.500812,0.204100,0.092400,0.066600,0.030100,0.178300,0.595100,0.272900,0.034400,0.036500,0.118200,0.292200,0.049400,0.023600,0.019300,0.064500,0.058000,0.034400,0.040800,0.043000,0.247100,0.079500,0.030100,0.036500,0.264300,0.571500,0.195500,0.032200,0.053700,0.055900,0.249200,0.195500,0.055900,0.062300,0.085900,0.191200,0.223400,0.055900,0.058000,0.101000,0.182600
1777273660.985030,0.202000,0.092400,0.066600,0.030100,0.178300,0.603700,0.272900,0.032200,0.021500,0.109600,0.285700,0.038700,0.038700,0.045100,0.058000,0.049400,0.034400,0.032200,0.025800,0.249200,0.077300,0.030100,0.036500,0.262100,0.573600,0.195500,0.032200,0.055900,0.053700,0.249200,0.195500,0.053700,0.060200,0.083800,0.191200,0.223400,0.055900,0.058000,0.101000,0.182600
1777273661.469790,0.204100,0.092400,0.066600,0.030100,0.178300,0.595100,0.277100,0.049400,0.027900,0.118200,0.290000,0.040800,0.025800,0.017200,0.064500,0.062300,0.019300,0.017200,0.055900,0.247100,0.079500,0.030100,0.036500,0.266400,0.569300,0.195500,0.032200,0.060200,0.058000,0.249200,0.195500,0.055900,0.062300,0.085900,0.193400,0.223400,0.051600,0.047300,0.103100,0.182600
1777273661.953427,0.199800,0.092400,0.066600,0.030100,0.176200,0.601600,0.281400,0.064500,0.025800,0.116000,0.290000,0.038700,0.058000,0.021500,0.058000,0.058000,0.025800,0.025800,0.034400,0.242800,0.085900,0.038700,0.045100,0.257800,0.573600,0.195500,0.032200,0.058000,0.058000,0.249200,0.195500,0.053700,0.062300,0.085900,0.191200,0.223400,0.051600,0.058000,0.103100,0.182600
1777273662.436425,0.202000,0.094500,0.066600,0.030100,0.178300,0.603700,0.279300,0.053700,0.017200,0.118200,0.294300,0.038700,0.055900,0.040800,0.062300,0.055900,0.034400,0.030100,0.025800,0.242800,0.085900,0.040800,0.038700,0.257800,0.571500,0.195500,0.032200,0.053700,0.053700,0.249200,0.195500,0.055900,0.062300,0.083800,0.191200,0.223400,0.058000,0.053700,0.101000,0.182600
1777273662.921843,0.202000,0.094500,0.064500,0.030100,0.178300,0.603700,0.272900,0.049400,0.021500,0.109600,0.285700,0.025800,0.036500,0.040800,0.060200,0.049400,0.021500,0.030100,0.034400,0.249200,0.075200,0.025800,0.034400,0.255700,0.573600,0.195500,0.030100,0.053700,0.058000,0.251400,0.195500,0.055900,0.058000,0.085900,0.191200,0.223400,0.055900,0.045100,0.101000,0.182600
1777273663.405703,0.199800,0.092400,0.066600,0.030100,0.178300,0.595100,0.275000,0.045100,0.023600,0.107400,0.287900,0.049400,0.036500,0.049400,0.070900,0.058000,0.027900,0.025800,0.030100,0.251400,0.070900,0.045100,0.045100,0.266400,0.565000,0.197700,0.032200,0.053700,0.053700,0.249200,0.195500,0.053700,0.066600,0.085900,0.193400,0.225600,0.051600,0.055900,0.101000,0.182600
1777273663.889700,0.202000,0.092400,0.064500,0.032200,0.178300,0.593000,0.275000,0.043000,0.040800,0.107400,0.287900,0.040800,0.040800,0.030100,0.073000,0.055900,0.040800,0.030100,0.021500,0.244900,0.077300,0.027900,0.036500,0.262100,0.569300,0.197700,0.032200,0.055900,0.062300,0.249200,0.195500,0.053700,0.060200,0.085900,0.193400,0.223400,0.051600,0.051600,0.103100,0.182600
1777273664.373681,0.199800,0.092400,0.066600,0.030100,0.178300,0.595100,0.275000,0.030100,0.040800,0.107400,0.290000,0.027900,0.008600,0.027900,0.075200,0.055900,0.030100,0.030100,0.030100,0.247100,0.073000,0.045100,0.043000,0.264300,0.567200,0.197700,0.032200,0.053700,0.055900,0.249200,0.195500,0.055900,0.060200,0.085900,0.191200,0.223400,0.055900,0.049400,0.103100,0.182600
1777273664.858183,0.202000,0.094500,0.066600,0.030100,0.178300,0.597300,0.275000,0.036500,0.032200,0.118200,0.294300,0.049400,0.025800,0.019300,0.066600,0.055900,0.040800,0.036500,0.030100,0.251400,0.070900,0.025800,0.034400,0.264300,0.565000,0.197700,0.032200,0.053700,0.053700,0.249200,0.195500,0.055900,0.060200,0.085900,0.193400,0.223400,0.058000,0.053700,0.103100,0.182600
1777273665.341589,0.202000,0.094500,0.066600,0.030100,0.178300,0.603700,0.283600,0.045100,0.023600,0.116000,0.290000,0.038700,0.021500,0.034400,0.062300,0.055900,0.015000,0.021500,0.032200,0.244900,0.081600,0.027900,0.032200,0.257800,0.573600,0.197700,0.030100,0.049400,0.055900,0.249200,0.195500,0.055900,0.060200,0.085900,0.193400,0.225600,0.055900,0.053700,0.101000,0.182600
1777273665.824834,0.199800,0.094500,0.064500,0.032200,0.178300,0.603700,0.275000,0.045100,0.034400,0.109600,0.285700,0.060200,0.008600,0.019300,0.058000,0.058000,0.036500,0.030100,0.036500,0.240600,0.083800,0.034400,0.034400,0.255700,0.577900,0.197700,0.030100,0.049400,0.055900,0.249200,0.195500,0.055900,0.060200,0.085900,0.193400,0.225600,0.058000,0.049400,0.101000,0.182600
1777273666.308959,0.199800,0.094500,0.066600,0.030100,0.178300,0.601600,0.272900,0.032200,0.021500,0.109600,0.283600,0.040800,0.034400,0.032200,0.060200,0.049400,0.030100,0.034400,0.047300,0.244900,0.079500,0.025800,0.034400,0.253500,0.573600,0.195500,0.030100,0.053700,0.058000,0.251400,0.195500,0.053700,0.058000,0.085900,0.191200,0.223400,0.053700,0.045100,0.103100,0.182600
1777273666.793616,0.199800,0.094500,0.066600,0.030100,0.178300,0.595100,0.275000,0.047300,0.038700,0.109600,0.290000,0.015000,0.034400,0.040800,0.073000,0.055900,0.032200,0.038700,0.045100,0.244900,0.075200,0.045100,0.040800,0.260000,0.567200,0.197700,0.032200,0.053700,0.051600,0.249200,0.195500,0.055900,0.058000,0.085900,0.191200,0.225600,0.051600,0.051600,0.103100,0.182600
1777273667.277092,0.202000,0.094500,0.064500,0.030100,0.178300,0.595100,0.272900,0.043000,0.038700,0.116000,0.292200,0.034400,0.030100,0.025800,0.064500,0.058000,0.036500,0.043000,0.053700,0.249200,0.081600,0.027900,0.038700,0.266400,0.567200,0.195500,0.032200,0.058000,0.051600,0.251400,0.195500,0.058000,0.062300,0.083800,0.191200,0.223400,0.055900,0.049400,0.103100,0.182600
1777273667.760649,0.199800,0.094500,0.066600,0.032200,0.178300,0.605900,0.272900,0.038700,0.027900,0.107400,0.287900,0.066600,0.017200,0.023600,0.060200,0.053700,0.034400,0.040800,0.032200,0.242800,0.083800,0.030100,0.034400,0.255700,0.575800,0.197700,0.030100,0.051600,0.055900,0.249200,0.195500,0.053700,0.062300,0.083800,0.193400,0.225600,0.053700,0.047300,0.101000,0.182600
1777273668.245561,0.199800,0.094500,0.064500,0.030100,0.178300,0.603700,0.272900,0.051600,0.023600,0.107400,0.285700,0.043000,0.015000,0.017200,0.060200,0.049400,0.040800,0.049400,0.034400,0.238500,0.079500,0.030100,0.034400,0.255700,0.577900,0.195500,0.032200,0.055900,0.055900,0.251400,0.195500,0.055900,0.062300,0.083800,0.193400,0.223400,0.053700,0.047300,0.101000,0.182600
1777273668.729423,0.199800,0.094500,0.068700,0.030100,0.178300,0.595100,0.275000,0.038700,0.021500,0.105300,0.290000,0.040800,0.025800,0.034400,0.077300,0.055900,0.043000,0.027900,0.034400,0.249200,0.073000,0.047300,0.047300,0.266400,0.565000,0.195500,0.030100,0.055900,0.055900,0.251400,0.195500,0.053700,0.062300,0.083800,0.193400,0.223400,0.058000,0.051600,0.103100,0.182600
1777273669.213391,0.199800,0.094500,0.066600,0.030100,0.178300,0.595100,0.275000,0.045100,0.021500,0.107400,0.290000,0.040800,0.021500,0.017200,0.075200,0.055900,0.036500,0.019300,0.027900,0.247100,0.073000,0.040800,0.038700,0.257800,0.569300,0.197700,0.032200,0.055900,0.055900,0.251400,0.195500,0.055900,0.060200,0.083800,0.193400,0.225600,0.053700,0.049400,0.101000,0.182600
1777273669.697405,0.199800,0.096700,0.066600,0.030100,0.178300,0.599400,0.277100,0.045100,0.017200,0.116000,0.290000,0.049400,0.015000,0.017200,0.060200,0.062300,0.030100,0.012900,0.038700,0.247100,0.081600,0.030100,0.032200,0.262100,0.571500,0.195500,0.032200,0.058000,0.051600,0.251400,0.195500,0.055900,0.055900,0.083800,0.193400,0.223400,0.055900,0.049400,0.101000,0.182600
1777273670.181325,0.199800,0.096700,0.066600,0.030100,0.178300,0.601600,0.277100,0.055900,0.025800,0.118200,0.290000,0.036500,0.051600,0.021500,0.058000,0.062300,0.025800,0.032200,0.017200,0.244900,0.085900,0.040800,0.045100,0.257800,0.575800,0.195500,0.030100,0.055900,0.053700,0.251400,0.195500,0.053700,0.058000,0.083800,0.193400,0.223400,0.055900,0.047300,0.101000,0.182600
1777273670.665358,0.199800,0.094500,0.066600,0.032200,0.178300,0.601600,0.279300,0.038700,0.023600,0.116000,0.287900,0.021500,0.021500,0.032200,0.062300,0.058000,0.043000,0.017200,0.034400,0.242800,0.079500,0.027900,0.032200,0.260000,0.571500,0.195500,0.032200,0.053700,0.058000,0.251400,0.195500,0.053700,0.058000,0.085900,0.193400,0.225600,0.053700,0.051600,0.103100,0.182600
1777273671.149306,0.199800,0.094500,0.066600,0.030100,0.178300,0.605900,0.272900,0.055900,0.023600,0.107400,0.287900,0.064500,0.021500,0.012900,0.060200,0.051600,0.038700,0.053700,0.034400,0.238500,0.085900,0.030100,0.034400,0.255700,0.575800,0.197700,0.032200,0.053700,0.058000,0.251400,0.195500,0.053700,0.060200,0.083800,0.193400,0.223400,0.051600,0.047300,0.103100,0.182600
1777273671.633155,0.199800,0.094500,0.064500,0.030100,0.178300,0.595100,0.275000,0.045100,0.036500,0.116000,0.292200,0.038700,0.008600,0.012900,0.066600,0.055900,0.036500,0.027900,0.032200,0.249200,0.083800,0.032200,0.040800,0.264300,0.567200,0.195500,0.032200,0.055900,0.058000,0.251400,0.195500,0.055900,0.062300,0.083800,0.193400,0.223400,0.053700,0.051600,0.103100,0.182600
1777273672.116108,0.199800,0.094500,0.066600,0.030100,0.178300,0.601600,0.281400,0.053700,0.019300,0.116000,0.287900,0.030100,0.034400,0.036500,0.062300,0.055900,0.040800,0.019300,0.030100,0.244900,0.079500,0.025800,0.036500,0.257800,0.571500,0.195500,0.030100,0.058000,0.060200,0.251400,0.195500,0.055900,0.062300,0.083800,0.193400,0.225600,0.051600,0.051600,0.101000,0.182600
1777273672.601154,0.197700,0.096700,0.064500,0.030100,0.178300,0.603700,0.272900,0.034400,0.023600,0.109600,0.285700,0.040800,0.034400,0.021500,0.058000,0.049400,0.010700,0.032200,0.030100,0.244900,0.077300,0.030100,0.034400,0.255700,0.573600,0.195500,0.032200,0.053700,0.055900,0.251400,0.195500,0.055900,0.062300,0.083800,0.193400,0.223400,0.051600,0.045100,0.101000,0.182600
1777273673.085068,0.199800,0.094500,0.066600,0.030100,0.178300,0.595100,0.277100,0.040800,0.038700,0.118200,0.292200,0.043000,0.025800,0.023600,0.062300,0.058000,0.036500,0.043000,0.034400,0.249200,0.077300,0.027900,0.034400,0.264300,0.562900,0.197700,0.032200,0.055900,0.055900,0.251400,0.195500,0.053700,0.062300,0.083800,0.193400,0.223400,0.058000,0.049400,0.103100,0.182600
1777273673.569128,0.199800,0.096700,0.066600,0.034400,0.178300,0.603700,0.277100,0.047300,0.021500,0.116000,0.290000,0.034400,0.060200,0.015000,0.055900,0.060200,0.023600,0.032200,0.043000,0.242800,0.083800,0.030100,0.032200,0.257800,0.575800,0.195500,0.032200,0.051600,0.055900,0.251400,0.195500,0.055900,0.058000,0.083800,0.193400,0.223400,0.055900,0.055900,0.103100,0.182600
1777273674.052847,0.199800,0.096700,0.064500,0.030100,0.178300,0.608000,0.272900,0.034400,0.027900,0.107400,0.287900,0.062300,0.010700,0.030100,0.060200,0.049400,0.027900,0.032200,0.034400,0.240600,0.079500,0.030100,0.034400,0.255700,0.580100,0.195500,0.032200,0.051600,0.055900,0.251400,0.195500,0.058000,0.055900,0.083800,0.193400,0.223400,0.058000,0.053700,0.101000,0.182600
1777273674.536120,0.199800,0.094500,0.064500,0.030100,0.178300,0.595100,0.275000,0.045100,0.045100,0.105300,0.287900,0.043000,0.034400,0.045100,0.073000,0.055900,0.040800,0.036500,0.023600,0.247100,0.073000,0.034400,0.040800,0.262100,0.571500,0.197700,0.032200,0.053700,0.055900,0.251400,0.195500,0.055900,0.058000,0.083800,0.195500,0.225600,0.058000,0.047300,0.101000,0.182600
1777273675.020376,0.199800,0.096700,0.066600,0.030100,0.178300,0.593000,0.272900,0.045100,0.038700,0.118200,0.287900,0.049400,0.015000,0.036500,0.073000,0.055900,0.027900,0.040800,0.027900,0.247100,0.075200,0.034400,0.040800,0.262100,0.569300,0.197700,0.032200,0.053700,0.053700,0.251400,0.195500,0.053700,0.062300,0.083800,0.195500,0.225600,0.055900,0.051600,0.103100,0.182600
1777273675.504796,0.199800,0.096700,0.068700,0.030100,0.178300,0.595100,0.272900,0.036500,0.032200,0.116000,0.292200,0.021500,0.034400,0.025800,0.064500,0.058000,0.040800,0.043000,0.051600,0.247100,0.083800,0.030100,0.038700,0.266400,0.567200,0.195500,0.030100,0.055900,0.060200,0.253500,0.197700,0.053700,0.060200,0.083800,0.193400,0.223400,0.053700,0.047300,0.103100,0.182600
1777273675.988856,0.199800,0.096700,0.066600,0.030100,0.178300,0.603700,0.279300,0.040800,0.040800,0.116000,0.292200,0.047300,0.030100,0.021500,0.058000,0.058000,0.030100,0.025800,0.027900,0.240600,0.079500,0.027900,0.032200,0.255700,0.575800,0.197700,0.030100,0.053700,0.053700,0.251400,0.195500,0.055900,0.066600,0.083800,0.193400,0.225600,0.058000,0.047300,0.103100,0.182600
1777273676.471719,0.199800,0.096700,0.064500,0.030100,0.178300,0.603700,0.272900,0.043000,0.025800,0.109600,0.287900,0.053700,0.034400,0.045100,0.058000,0.051600,0.012900,0.027900,0.032200,0.247100,0.077300,0.032200,0.049400,0.262100,0.575800,0.195500,0.032200,0.055900,0.058000,0.251400,0.195500,0.055900,0.058000,0.083800,0.193400,0.223400,0.055900,0.051600,0.103100,0.182600
1777273676.956373,0.199800,0.096700,0.066600,0.030100,0.180500,0.595100,0.275000,0.036500,0.045100,0.107400,0.287900,0.036500,0.019300,0.021500,0.073000,0.055900,0.045100,0.038700,0.017200,0.247100,0.075200,0.030100,0.036500,0.262100,0.569300,0.197700,0.032200,0.049400,0.051600,0.251400,0.195500,0.053700,0.060200,0.083800,0.195500,0.225600,0.053700,0.053700,0.101000,0.182600
1777273677.439352,0.199800,0.096700,0.066600,0.030100,0.178300,0.597300,0.279300,0.045100,0.032200,0.118200,0.292200,0.038700,0.015000,0.017200,0.062300,0.062300,0.012900,0.038700,0.051600,0.247100,0.079500,0.034400,0.034400,0.264300,0.571500,0.195500,0.032200,0.051600,0.055900,0.251400,0.195500,0.053700,0.060200,0.083800,0.193400,0.223400,0.051600,0.051600,0.103100,0.182600
1777273677.923544,0.199800,0.096700,0.066600,0.030100,0.180500,0.603700,0.277100,0.066600,0.036500,0.113900,0.290000,0.030100,0.021500,0.017200,0.055900,0.058000,0.038700,0.030100,0.045100,0.240600,0.088100,0.032200,0.032200,0.255700,0.575800,0.197700,0.030100,0.058000,0.058000,0.251400,0.195500,0.053700,0.062300,0.083800,0.195500,0.223400,0.051600,0.053700,0.103100,0.184800
1777273678.408616,0.199800,0.096700,0.066600,0.030100,0.178300,0.605900,0.272900,0.040800,0.021500,0.109600,0.287900,0.034400,0.040800,0.025800,0.060200,0.049400,0.034400,0.023600,0.030100,0.249200,0.077300,0.027900,0.049400,0.262100,0.573600,0.195500,0.030100,0.055900,0.053700,0.251400,0.195500,0.055900,0.058000,0.081600,0.193400,0.223400,0.053700,0.051600,0.103100,0.182600
1777273678.890759,0.199800,0.094500,0.068700,0.030100,0.178300,0.597300,0.275000,0.058000,0.023600,0.105300,0.292200,0.047300,0.036500,0.040800,0.075200,0.055900,0.027900,0.043000,0.023600,0.251400,0.073000,0.047300,0.047300,0.266400,0.569300,0.197700,0.030100,0.053700,0.055900,0.251400,0.195500,0.053700,0.055900,0.081600,0.195500,0.225600,0.055900,0.051600,0.103100,0.182600
1777273679.374036,0.199800,0.094500,0.066600,0.030100,0.180500,0.593000,0.275000,0.047300,0.034400,0.109600,0.287900,0.043000,0.023600,0.036500,0.073000,0.058000,0.034400,0.023600,0.038700,0.247100,0.077300,0.030100,0.034400,0.262100,0.569300,0.197700,0.032200,0.049400,0.055900,0.251400,0.195500,0.055900,0.055900,0.083800,0.195500,0.225600,0.060200,0.053700,0.103100,0.182600
1777273679.860479,0.199800,0.096700,0.066600,0.030100,0.178300,0.599400,0.279300,0.034400,0.032200,0.116000,0.290000,0.034400,0.021500,0.019300,0.060200,0.062300,0.036500,0.015000,0.049400,0.244900,0.081600,0.030100,0.034400,0.264300,0.571500,0.195500,0.032200,0.055900,0.055900,0.253500,0.195500,0.055900,0.055900,0.083800,0.195500,0.223400,0.055900,0.053700,0.103100,0.182600
1777273680.343687,0.199800,0.094500,0.068700,0.030100,0.178300,0.603700,0.281400,0.058000,0.021500,0.118200,0.290000,0.032200,0.021500,0.036500,0.062300,0.058000,0.030100,0.032200,0.040800,0.242800,0.079500,0.027900,0.032200,0.257800,0.571500,0.197700,0.030100,0.049400,0.058000,0.251400,0.195500,0.055900,0.064500,0.083800,0.195500,0.223400,0.055900,0.049400,0.103100,0.182600
1777273680.826872,0.199800,0.096700,0.066600,0.030100,0.178300,0.605900,0.272900,0.047300,0.023600,0.109600,0.285700,0.025800,0.032200,0.047300,0.058000,0.051600,0.027900,0.025800,0.047300,0.249200,0.077300,0.049400,0.045100,0.262100,0.573600,0.195500,0.030100,0.053700,0.055900,0.251400,0.195500,0.055900,0.060200,0.081600,0.193400,0.223400,0.053700,0.055900,0.103100,0.182600
1777273681.312537,0.199800,0.094500,0.068700,0.032200,0.178300,0.599400,0.272900,0.034400,0.025800,0.107400,0.290000,0.017200,0.021500,0.045100,0.073000,0.055900,0.015000,0.012900,0.034400,0.247100,0.075200,0.049400,0.045100,0.262100,0.571500,0.195500,0.032200,0.053700,0.058000,0.251400,0.195500,0.055900,0.060200,0.081600,0.195500,0.225600,0.053700,0.051600,0.103100,0.182600
1777273681.796413,0.202000,0.096700,0.066600,0.030100,0.178300,0.599400,0.277100,0.049400,0.025800,0.113900,0.290000,0.040800,0.023600,0.017200,0.062300,0.062300,0.030100,0.034400,0.034400,0.247100,0.081600,0.027900,0.040800,0.266400,0.571500,0.195500,0.030100,0.049400,0.058000,0.253500,0.195500,0.053700,0.064500,0.081600,0.195500,0.223400,0.051600,0.051600,0.103100,0.182600
1777273682.280392,0.199800,0.094500,0.068700,0.032200,0.180500,0.601600,0.277100,0.045100,0.032200,0.113900,0.292200,0.043000,0.030100,0.019300,0.058000,0.058000,0.034400,0.021500,0.027900,0.240600,0.079500,0.027900,0.032200,0.255700,0.571500,0.197700,0.032200,0.055900,0.055900,0.251400,0.195500,0.053700,0.062300,0.083800,0.195500,0.225600,0.049400,0.051600,0.103100,0.182600
1777273682.764365,0.199800,0.094500,0.066600,0.032200,0.178300,0.610200,0.275000,0.045100,0.036500,0.109600,0.290000,0.051600,0.027900,0.015000,0.060200,0.055900,0.038700,0.040800,0.027900,0.238500,0.081600,0.030100,0.034400,0.255700,0.577900,0.195500,0.032200,0.053700,0.051600,0.253500,0.195500,0.058000,0.062300,0.081600,0.195500,0.223400,0.053700,0.051600,0.103100,0.182600
1777273683.247953,0.199800,0.096700,0.066600,0.030100,0.178300,0.603700,0.272900,0.045100,0.021500,0.107400,0.285700,0.027900,0.030100,0.045100,0.060200,0.051600,0.040800,0.043000,0.032200,0.249200,0.075200,0.038700,0.049400,0.264300,0.571500,0.195500,0.030100,0.051600,0.051600,0.253500,0.195500,0.055900,0.062300,0.081600,0.195500,0.223400,0.055900,0.049400,0.103100,0.182600
1777273683.732384,0.199800,0.094500,0.066600,0.030100,0.178300,0.597300,0.272900,0.038700,0.025800,0.105300,0.290000,0.025800,0.025800,0.034400,0.075200,0.058000,0.036500,0.027900,0.040800,0.247100,0.075200,0.032200,0.034400,0.262100,0.571500,0.197700,0.032200,0.051600,0.055900,0.253500,0.195500,0.055900,0.058000,0.081600,0.195500,0.225600,0.055900,0.053700,0.103100,0.182600
1777273684.216339,0.199800,0.094500,0.066600,0.030100,0.178300,0.599400,0.279300,0.038700,0.021500,0.116000,0.285700,0.047300,0.047300,0.021500,0.058000,0.062300,0.030100,0.030100,0.049400,0.244900,0.085900,0.034400,0.032200,0.262100,0.571500,0.195500,0.032200,0.055900,0.058000,0.253500,0.195500,0.055900,0.066600,0.081600,0.195500,0.223400,0.058000,0.047300,0.103100,0.182600
1777273684.699859,0.199800,0.094500,0.068700,0.034400,0.178300,0.603700,0.281400,0.058000,0.021500,0.118200,0.290000,0.040800,0.038700,0.038700,0.064500,0.055900,0.025800,0.023600,0.027900,0.242800,0.085900,0.030100,0.034400,0.257800,0.569300,0.195500,0.030100,0.058000,0.058000,0.253500,0.195500,0.053700,0.060200,0.083800,0.195500,0.225600,0.058000,0.047300,0.105300,0.182600
1777273685.184047,0.199800,0.096700,0.068700,0.030100,0.178300,0.605900,0.283600,0.060200,0.027900,0.120300,0.290000,0.023600,0.025800,0.034400,0.062300,0.055900,0.034400,0.021500,0.047300,0.244900,0.083800,0.027900,0.036500,0.257800,0.571500,0.195500,0.030100,0.053700,0.058000,0.253500,0.197700,0.055900,0.060200,0.081600,0.195500,0.225600,0.053700,0.047300,0.103100,0.182600
1777273685.668465,0.202000,0.094500,0.066600,0.030100,0.178300,0.605900,0.272900,0.038700,0.023600,0.109600,0.287900,0.030100,0.034400,0.043000,0.060200,0.055900,0.030100,0.012900,0.030100,0.249200,0.077300,0.051600,0.047300,0.264300,0.573600,0.195500,0.032200,0.053700,0.058000,0.253500,0.195500,0.055900,0.064500,0.081600,0.195500,0.223400,0.053700,0.051600,0.103100,0.182600
1777273686.151877,0.202000,0.094500,0.066600,0.032200,0.180500,0.595100,0.275000,0.049400,0.038700,0.118200,0.290000,0.019300,0.019300,0.021500,0.066600,0.058000,0.038700,0.036500,0.043000,0.249200,0.075200,0.027900,0.034400,0.264300,0.569300,0.197700,0.032200,0.051600,0.053700,0.253500,0.195500,0.055900,0.058000,0.081600,0.195500,0.225600,0.060200,0.047300,0.103100,0.182600
1777273686.636211,0.202000,0.094500,0.066600,0.030100,0.178300,0.595100,0.277100,0.043000,0.040800,0.116000,0.290000,0.027900,0.015000,0.017200,0.062300,0.060200,0.040800,0.032200,0.049400,0.249200,0.083800,0.030100,0.038700,0.266400,0.567200,0.195500,0.032200,0.053700,0.055900,0.253500,0.195500,0.053700,0.055900,0.081600,0.195500,0.223400,0.055900,0.053700,0.105300,0.182600
1777273687.119732,0.199800,0.094500,0.068700,0.030100,0.178300,0.605900,0.279300,0.051600,0.015000,0.116000,0.287900,0.036500,0.021500,0.030100,0.060200,0.058000,0.032200,0.017200,0.040800,0.242800,0.077300,0.025800,0.034400,0.260000,0.569300,0.197700,0.030100,0.058000,0.055900,0.253500,0.195500,0.055900,0.062300,0.081600,0.195500,0.225600,0.058000,0.053700,0.103100,0.182600
1777273687.604078,0.199800,0.094500,0.066600,0.030100,0.178300,0.605900,0.272900,0.051600,0.021500,0.107400,0.285700,0.034400,0.034400,0.045100,0.060200,0.055900,0.032200,0.043000,0.040800,0.249200,0.077300,0.049400,0.045100,0.264300,0.571500,0.195500,0.030100,0.058000,0.053700,0.253500,0.195500,0.055900,0.064500,0.081600,0.195500,0.225600,0.051600,0.055900,0.103100,0.182600
1777273688.087937,0.202000,0.094500,0.066600,0.030100,0.178300,0.599400,0.277100,0.036500,0.025800,0.116000,0.290000,0.034400,0.021500,0.021500,0.062300,0.062300,0.017200,0.010700,0.043000,0.249200,0.081600,0.030100,0.034400,0.262100,0.573600,0.195500,0.030100,0.053700,0.055900,0.253500,0.197700,0.055900,0.062300,0.081600,0.195500,0.225600,0.058000,0.053700,0.103100,0.182600
1777273688.571958,0.202000,0.094500,0.066600,0.030100,0.178300,0.601600,0.279300,0.051600,0.025800,0.116000,0.285700,0.030100,0.032200,0.032200,0.062300,0.058000,0.021500,0.021500,0.038700,0.244900,0.088100,0.034400,0.040800,0.257800,0.575800,0.195500,0.030100,0.049400,0.055900,0.253500,0.197700,0.053700,0.060200,0.081600,0.195500,0.225600,0.051600,0.049400,0.103100,0.182600
1777273689.055552,0.202000,0.094500,0.066600,0.030100,0.178300,0.603700,0.272900,0.030100,0.025800,0.107400,0.283600,0.019300,0.034400,0.043000,0.062300,0.058000,0.034400,0.025800,0.027900,0.247100,0.079500,0.051600,0.047300,0.262100,0.569300,0.195500,0.030100,0.053700,0.053700,0.253500,0.195500,0.053700,0.058000,0.081600,0.197700,0.225600,0.055900,0.053700,0.105300,0.182600
1777273689.539502,0.202000,0.094500,0.068700,0.030100,0.178300,0.597300,0.275000,0.043000,0.036500,0.118200,0.292200,0.027900,0.021500,0.023600,0.068700,0.055900,0.036500,0.036500,0.040800,0.247100,0.077300,0.030100,0.034400,0.262100,0.567200,0.197700,0.032200,0.053700,0.051600,0.253500,0.195500,0.055900,0.060200,0.081600,0.195500,0.225600,0.055900,0.049400,0.103100,0.182600
1777273690.022921,0.202000,0.094500,0.066600,0.030100,0.178300,0.605900,0.279300,0.034400,0.021500,0.116000,0.292200,0.055900,0.036500,0.023600,0.055900,0.062300,0.025800,0.025800,0.032200,0.244900,0.083800,0.027900,0.040800,0.262100,0.575800,0.195500,0.032200,0.051600,0.051600,0.253500,0.195500,0.053700,0.055900,0.081600,0.195500,0.225600,0.058000,0.051600,0.103100,0.182600
1777273690.507814,0.202000,0.092400,0.066600,0.030100,0.178300,0.605900,0.275000,0.034400,0.038700,0.113900,0.292200,0.040800,0.025800,0.025800,0.058000,0.058000,0.038700,0.030100,0.040800,0.244900,0.081600,0.030100,0.034400,0.257800,0.577900,0.197700,0.030100,0.060200,0.053700,0.253500,0.195500,0.055900,0.062300,0.081600,0.195500,0.225600,0.055900,0.049400,0.103100,0.184800
1777273690.991629,0.202000,0.092400,0.066600,0.030100,0.178300,0.601600,0.275000,0.045100,0.023600,0.105300,0.287900,0.030100,0.030100,0.047300,0.075200,0.055900,0.008600,0.010700,0.025800,0.244900,0.075200,0.049400,0.040800,0.262100,0.573600,0.197700,0.030100,0.051600,0.058000,0.253500,0.195500,0.055900,0.055900,0.081600,0.197700,0.225600,0.055900,0.051600,0.103100,0.182600
1777273691.474217,0.202000,0.094500,0.066600,0.030100,0.178300,0.599400,0.277100,0.025800,0.023600,0.118200,0.290000,0.047300,0.023600,0.027900,0.062300,0.062300,0.032200,0.030100,0.049400,0.247100,0.083800,0.034400,0.034400,0.262100,0.571500,0.195500,0.030100,0.055900,0.060200,0.253500,0.195500,0.053700,0.064500,0.081600,0.195500,0.225600,0.058000,0.049400,0.105300,0.182600
1777273691.959340,0.202000,0.094500,0.068700,0.030100,0.178300,0.605900,0.283600,0.053700,0.015000,0.116000,0.290000,0.043000,0.021500,0.032200,0.060200,0.058000,0.049400,0.023600,0.043000,0.242800,0.083800,0.036500,0.032200,0.260000,0.571500,0.195500,0.032200,0.053700,0.055900,0.253500,0.195500,0.055900,0.060200,0.081600,0.195500,0.225600,0.062300,0.049400,0.105300,0.182600
1777273692.441794,0.202000,0.094500,0.066600,0.030100,0.178300,0.608000,0.272900,0.051600,0.023600,0.107400,0.287900,0.027900,0.025800,0.030100,0.058000,0.051600,0.034400,0.030100,0.036500,0.247100,0.077300,0.032200,0.032200,0.255700,0.577900,0.195500,0.032200,0.049400,0.055900,0.255700,0.195500,0.055900,0.060200,0.081600,0.195500,0.225600,0.058000,0.053700,0.103100,0.184800
1777273692.926516,0.204100,0.092400,0.064500,0.030100,0.178300,0.597300,0.275000,0.025800,0.034400,0.109600,0.290000,0.027900,0.006400,0.032200,0.073000,0.055900,0.040800,0.017200,0.032200,0.249200,0.073000,0.038700,0.038700,0.260000,0.571500,0.197700,0.032200,0.058000,0.055900,0.253500,0.195500,0.055900,0.060200,0.081600,0.197700,0.225600,0.055900,0.047300,0.103100,0.182600
1777273693.411612,0.204100,0.092400,0.066600,0.030100,0.178300,0.597300,0.272900,0.036500,0.036500,0.118200,0.290000,0.019300,0.010700,0.019300,0.068700,0.058000,0.043000,0.038700,0.021500,0.249200,0.075200,0.030100,0.036500,0.264300,0.569300,0.197700,0.030100,0.051600,0.058000,0.253500,0.195500,0.053700,0.062300,0.081600,0.197700,0.225600,0.058000,0.051600,0.103100,0.182600
1777273693.894507,0.204100,0.092400,0.066600,0.030100,0.178300,0.599400,0.277100,0.043000,0.032200,0.116000,0.290000,0.043000,0.032200,0.021500,0.062300,0.062300,0.023600,0.025800,0.049400,0.249200,0.081600,0.032200,0.036500,0.264300,0.571500,0.195500,0.030100,0.058000,0.053700,0.253500,0.195500,0.053700,0.060200,0.081600,0.195500,0.225600,0.053700,0.053700,0.105300,0.182600
1777273694.379546,0.202000,0.092400,0.068700,0.030100,0.178300,0.605900,0.277100,0.030100,0.034400,0.113900,0.290000,0.040800,0.015000,0.023600,0.058000,0.058000,0.040800,0.025800,0.021500,0.240600,0.081600,0.030100,0.032200,0.255700,0.577900,0.197700,0.030100,0.053700,0.053700,0.253500,0.195500,0.055900,0.064500,0.081600,0.197700,0.225600,0.058000,0.049400,0.105300,0.184800
1777273694.863023,0.202000,0.094500,0.066600,0.032200,0.178300,0.610200,0.275000,0.051600,0.027900,0.107400,0.290000,0.045100,0.017200,0.021500,0.060200,0.047300,0.027900,0.027900,0.038700,0.247100,0.077300,0.027900,0.032200,0.255700,0.577900,0.195500,0.032200,0.058000,0.058000,0.255700,0.195500,0.055900,0.062300,0.081600,0.197700,0.225600,0.058000,0.055900,0.103100,0.182600
1777273695.346647,0.202000,0.092400,0.066600,0.030100,0.178300,0.605900,0.272900,0.053700,0.023600,0.107400,0.285700,0.045100,0.034400,0.053700,0.060200,0.053700,0.040800,0.027900,0.017200,0.253500,0.077300,0.049400,0.047300,0.264300,0.575800,0.195500,0.030100,0.060200,0.058000,0.253500,0.195500,0.055900,0.060200,0.081600,0.195500,0.225600,0.053700,0.049400,0.103100,0.182600
1777273695.831090,0.202000,0.092400,0.066600,0.030100,0.178300,0.599400,0.272900,0.045100,0.025800,0.105300,0.290000,0.017200,0.017200,0.032200,0.075200,0.055900,0.027900,0.038700,0.034400,0.249200,0.077300,0.051600,0.045100,0.262100,0.575800,0.197700,0.032200,0.051600,0.055900,0.253500,0.195500,0.055900,0.055900,0.079500,0.197700,0.225600,0.055900,0.055900,0.103100,0.182600
1777273696.315389,0.204100,0.092400,0.066600,0.030100,0.178300,0.599400,0.277100,0.045100,0.023600,0.113900,0.290000,0.049400,0.021500,0.027900,0.062300,0.064500,0.015000,0.032200,0.036500,0.247100,0.081600,0.032200,0.034400,0.266400,0.571500,0.195500,0.030100,0.053700,0.058000,0.255700,0.195500,0.055900,0.053700,0.081600,0.197700,0.225600,0.060200,0.051600,0.105300,0.182600
1777273696.798578,0.202000,0.092400,0.068700,0.030100,0.178300,0.605900,0.283600,0.064500,0.023600,0.116000,0.290000,0.015000,0.030100,0.040800,0.058000,0.055900,0.032200,0.027900,0.019300,0.244900,0.085900,0.038700,0.047300,0.257800,0.575800,0.195500,0.032200,0.058000,0.055900,0.255700,0.195500,0.058000,0.060200,0.081600,0.195500,0.225600,0.055900,0.047300,0.105300,0.182600
1777273697.283129,0.202000,0.092400,0.066600,0.030100,0.178300,0.608000,0.275000,0.049400,0.038700,0.113900,0.290000,0.038700,0.019300,0.025800,0.058000,0.058000,0.038700,0.038700,0.040800,0.240600,0.088100,0.032200,0.034400,0.255700,0.577900,0.197700,0.030100,0.051600,0.058000,0.253500,0.195500,0.058000,0.060200,0.081600,0.197700,0.225600,0.053700,0.047300,0.103100,0.184800
1777273697.767181,0.204100,0.092400,0.066600,0.030100,0.178300,0.605900,0.272900,0.040800,0.021500,0.107400,0.292200,0.034400,0.025800,0.047300,0.064500,0.058000,0.040800,0.008600,0.034400,0.251400,0.075200,0.049400,0.047300,0.266400,0.573600,0.195500,0.030100,0.055900,0.051600,0.255700,0.195500,0.055900,0.064500,0.079500,0.197700,0.225600,0.055900,0.051600,0.103100,0.182600
1777273698.250922,0.204100,0.092400,0.066600,0.030100,0.178300,0.597300,0.277100,0.047300,0.045100,0.118200,0.292200,0.045100,0.030100,0.025800,0.068700,0.058000,0.043000,0.047300,0.025800,0.251400,0.075200,0.027900,0.036500,0.266400,0.571500,0.197700,0.030100,0.053700,0.051600,0.255700,0.195500,0.055900,0.064500,0.079500,0.197700,0.225600,0.055900,0.053700,0.103100,0.182600
1777273698.735023,0.204100,0.092400,0.066600,0.030100,0.178300,0.599400,0.279300,0.043000,0.034400,0.118200,0.290000,0.047300,0.015000,0.017200,0.062300,0.062300,0.010700,0.025800,0.034400,0.251400,0.083800,0.032200,0.038700,0.268600,0.567200,0.195500,0.034400,0.058000,0.053700,0.255700,0.195500,0.055900,0.062300,0.081600,0.197700,0.225600,0.053700,0.051600,0.105300,0.182600
1777273699.216259,0.204100,0.092400,0.068700,0.030100,0.178300,0.603700,0.283600,0.047300,0.025800,0.116000,0.287900,0.027900,0.025800,0.038700,0.062300,0.058000,0.030100,0.025800,0.027900,0.244900,0.090200,0.034400,0.038700,0.260000,0.573600,0.195500,0.034400,0.051600,0.058000,0.255700,0.195500,0.058000,0.060200,0.081600,0.195500,0.225600,0.055900,0.047300,0.105300,0.182600
1777273699.703191,0.204100,0.092400,0.066600,0.027900,0.178300,0.608000,0.275000,0.027900,0.034400,0.111700,0.290000,0.049400,0.036500,0.021500,0.058000,0.051600,0.030100,0.047300,0.034400,0.240600,0.079500,0.027900,0.034400,0.251400,0.577900,0.195500,0.030100,0.058000,0.053700,0.255700,0.195500,0.055900,0.060200,0.081600,0.197700,0.225600,0.051600,0.049400,0.103100,0.182600
1777273700.186409,0.204100,0.092400,0.066600,0.027900,0.178300,0.599400,0.275000,0.047300,0.038700,0.111700,0.292200,0.040800,0.019300,0.034400,0.077300,0.055900,0.038700,0.021500,0.034400,0.255700,0.073000,0.049400,0.049400,0.270700,0.571500,0.195500,0.030100,0.058000,0.051600,0.255700,0.195500,0.058000,0.060200,0.081600,0.197700,0.225600,0.058000,0.053700,0.103100,0.182600
1777273700.670925,0.204100,0.094500,0.066600,0.030100,0.178300,0.603700,0.277100,0.055900,0.021500,0.113900,0.292200,0.040800,0.021500,0.015000,0.062300,0.060200,0.032200,0.032200,0.034400,0.251400,0.081600,0.032200,0.034400,0.266400,0.575800,0.195500,0.030100,0.053700,0.062300,0.255700,0.195500,0.055900,0.062300,0.079500,0.197700,0.225600,0.053700,0.051600,0.103100,0.182600
1777273701.154187,0.204100,0.092400,0.066600,0.030100,0.178300,0.605900,0.277100,0.040800,0.036500,0.113900,0.287900,0.038700,0.027900,0.021500,0.058000,0.058000,0.038700,0.017200,0.040800,0.244900,0.081600,0.030100,0.036500,0.257800,0.577900,0.197700,0.030100,0.053700,0.058000,0.255700,0.195500,0.055900,0.060200,0.081600,0.197700,0.225600,0.055900,0.049400,0.103100,0.184800
1777273701.635910,0.204100,0.092400,0.066600,0.030100,0.178300,0.605900,0.275000,0.036500,0.023600,0.107400,0.287900,0.015000,0.032200,0.032200,0.073000,0.055900,0.034400,0.017200,0.032200,0.244900,0.077300,0.049400,0.038700,0.257800,0.573600,0.197700,0.030100,0.060200,0.053700,0.255700,0.195500,0.053700,0.062300,0.081600,0.197700,0.225600,0.053700,0.047300,0.105300,0.182600
1777273702.121585,0.204100,0.092400,0.068700,0.030100,0.180500,0.599400,0.275000,0.040800,0.034400,0.113900,0.292200,0.045100,0.027900,0.012900,0.075200,0.055900,0.032200,0.027900,0.034400,0.249200,0.075200,0.030100,0.036500,0.264300,0.569300,0.197700,0.030100,0.051600,0.058000,0.255700,0.195500,0.055900,0.060200,0.081600,0.197700,0.225600,0.051600,0.049400,0.105300,0.182600
1777273702.606649,0.204100,0.094500,0.066600,0.034400,0.178300,0.608000,0.279300,0.030100,0.017200,0.118200,0.292200,0.027900,0.027900,0.034400,0.062300,0.058000,0.027900,0.021500,0.012900,0.247100,0.088100,0.034400,0.040800,0.257800,0.575800,0.195500,0.030100,0.058000,0.058000,0.255700,0.195500,0.055900,0.062300,0.079500,0.197700,0.225600,0.055900,0.053700,0.103100,0.182600
1777273703.090279,0.204100,0.092400,0.066600,0.030100,0.178300,0.608000,0.272900,0.036500,0.023600,0.109600,0.287900,0.047300,0.034400,0.043000,0.060200,0.051600,0.023600,0.038700,0.040800,0.251400,0.077300,0.030100,0.038700,0.264300,0.575800,0.195500,0.032200,0.060200,0.053700,0.255700,0.193400,0.055900,0.060200,0.079500,0.197700,0.225600,0.058000,0.055900,0.103100,0.182600
1777273703.572083,0.204100,0.092400,0.066600,0.032200,0.178300,0.595100,0.275000,0.051600,0.038700,0.107400,0.287900,0.043000,0.017200,0.038700,0.075200,0.058000,0.027900,0.036500,0.047300,0.249200,0.075200,0.049400,0.040800,0.264300,0.571500,0.197700,0.032200,0.055900,0.060200,0.255700,0.195500,0.055900,0.060200,0.079500,0.197700,0.225600,0.055900,0.055900,0.103100,0.182600
1777273704.055473,0.204100,0.092400,0.066600,0.030100,0.178300,0.599400,0.279300,0.025800,0.032200,0.118200,0.290000,0.043000,0.019300,0.019300,0.062300,0.064500,0.032200,0.023600,0.051600,0.249200,0.079500,0.032200,0.036500,0.266400,0.571500,0.195500,0.030100,0.051600,0.060200,0.255700,0.195500,0.055900,0.060200,0.081600,0.197700,0.225600,0.055900,0.047300,0.105300,0.182600
1777273704.541824,0.204100,0.092400,0.068700,0.030100,0.178300,0.605900,0.283600,0.047300,0.019300,0.118200,0.290000,0.043000,0.025800,0.034400,0.062300,0.055900,0.040800,0.027900,0.051600,0.242800,0.090200,0.040800,0.040800,0.257800,0.577900,0.195500,0.030100,0.055900,0.058000,0.255700,0.195500,0.053700,0.060200,0.081600,0.197700,0.225600,0.053700,0.049400,0.105300,0.182600
1777273705.023648,0.204100,0.092400,0.066600,0.027900,0.178300,0.608000,0.272900,0.047300,0.036500,0.111700,0.287900,0.058000,0.027900,0.019300,0.058000,0.055900,0.045100,0.036500,0.040800,0.240600,0.083800,0.030100,0.034400,0.255700,0.582200,0.197700,0.030100,0.058000,0.058000,0.255700,0.195500,0.055900,0.062300,0.081600,0.197700,0.225600,0.055900,0.049400,0.103100,0.182600
1777273705.509277,0.204100,0.092400,0.066600,0.030100,0.178300,0.605900,0.272900,0.027900,0.023600,0.107400,0.287900,0.038700,0.034400,0.045100,0.062300,0.055900,0.038700,0.036500,0.032200,0.253500,0.077300,0.036500,0.049400,0.264300,0.575800,0.195500,0.030100,0.062300,0.058000,0.255700,0.193400,0.055900,0.058000,0.079500,0.197700,0.225600,0.055900,0.051600,0.103100,0.182600
1777273705.994709,0.204100,0.092400,0.066600,0.032200,0.178300,0.595100,0.275000,0.038700,0.034400,0.109600,0.287900,0.032200,0.034400,0.038700,0.077300,0.055900,0.025800,0.038700,0.034400,0.249200,0.073000,0.049400,0.043000,0.264300,0.569300,0.197700,0.032200,0.053700,0.060200,0.257800,0.193400,0.055900,0.062300,0.079500,0.197700,0.225600,0.051600,0.045100,0.103100,0.182600
1777273706.478648,0.204100,0.092400,0.066600,0.030100,0.178300,0.597300,0.275000,0.040800,0.032200,0.118200,0.287900,0.040800,0.012900,0.017200,0.073000,0.058000,0.040800,0.034400,0.017200,0.247100,0.075200,0.032200,0.034400,0.262100,0.569300,0.197700,0.032200,0.058000,0.055900,0.257800,0.193400,0.055900,0.060200,0.081600,0.199800,0.225600,0.060200,0.047300,0.105300,0.182600
1777273706.959604,0.204100,0.092400,0.068700,0.027900,0.178300,0.597300,0.275000,0.025800,0.032200,0.118200,0.292200,0.023600,0.027900,0.019300,0.073000,0.055900,0.036500,0.008600,0.030100,0.247100,0.077300,0.030100,0.036500,0.264300,0.569300,0.197700,0.030100,0.058000,0.060200,0.257800,0.195500,0.053700,0.062300,0.081600,0.197700,0.225600,0.058000,0.051600,0.105300,0.182600
1777273707.446705,0.204100,0.094500,0.066600,0.030100,0.178300,0.599400,0.275000,0.049400,0.038700,0.118200,0.292200,0.038700,0.019300,0.023600,0.064500,0.058000,0.047300,0.030100,0.030100,0.249200,0.077300,0.030100,0.036500,0.264300,0.569300,0.197700,0.032200,0.055900,0.053700,0.257800,0.193400,0.055900,0.066600,0.079500,0.197700,0.227700,0.053700,0.055900,0.103100,0.182600
1777273707.927704,0.206300,0.092400,0.066600,0.030100,0.178300,0.599400,0.277100,0.045100,0.034400,0.118200,0.290000,0.053700,0.019300,0.034400,0.062300,0.060200,0.032200,0.034400,0.051600,0.253500,0.079500,0.030100,0.036500,0.270700,0.567200,0.195500,0.032200,0.051600,0.053700,0.257800,0.195500,0.055900,0.055900,0.079500,0.199800,0.225600,0.058000,0.051600,0.103100,0.182600
1777273708.414241,0.204100,0.092400,0.066600,0.027900,0.178300,0.605900,0.275000,0.053700,0.036500,0.113900,0.285700,0.027900,0.025800,0.023600,0.058000,0.060200,0.043000,0.023600,0.038700,0.242800,0.081600,0.030100,0.034400,0.257800,0.575800,0.197700,0.030100,0.053700,0.055900,0.257800,0.193400,0.053700,0.055900,0.079500,0.199800,0.225600,0.051600,0.049400,0.103100,0.182600
1777273708.896078,0.204100,0.092400,0.068700,0.030100,0.178300,0.605900,0.272900,0.043000,0.023600,0.107400,0.285700,0.049400,0.032200,0.040800,0.060200,0.055900,0.032200,0.023600,0.027900,0.247100,0.081600,0.051600,0.047300,0.264300,0.571500,0.195500,0.032200,0.055900,0.055900,0.257800,0.193400,0.055900,0.058000,0.081600,0.197700,0.225600,0.053700,0.051600,0.103100,0.182600
1777273709.379221,0.204100,0.092400,0.068700,0.027900,0.178300,0.599400,0.275000,0.038700,0.034400,0.116000,0.292200,0.040800,0.030100,0.021500,0.075200,0.055900,0.036500,0.021500,0.019300,0.249200,0.075200,0.036500,0.038700,0.262100,0.571500,0.197700,0.030100,0.058000,0.055900,0.257800,0.193400,0.053700,0.062300,0.081600,0.199800,0.227700,0.049400,0.053700,0.103100,0.182600
1777273709.865762,0.204100,0.094500,0.066600,0.030100,0.178300,0.603700,0.277100,0.038700,0.025800,0.116000,0.294300,0.032200,0.012900,0.017200,0.062300,0.064500,0.023600,0.036500,0.036500,0.249200,0.079500,0.030100,0.034400,0.264300,0.575800,0.195500,0.030100,0.055900,0.062300,0.257800,0.195500,0.058000,0.062300,0.081600,0.197700,0.227700,0.055900,0.051600,0.103100,0.182600
1777273710.350369,0.204100,0.092400,0.066600,0.030100,0.178300,0.608000,0.272900,0.030100,0.025800,0.107400,0.287900,0.053700,0.017200,0.023600,0.062300,0.049400,0.038700,0.036500,0.049400,0.244900,0.077300,0.032200,0.036500,0.255700,0.580100,0.195500,0.030100,0.053700,0.055900,0.257800,0.193400,0.058000,0.058000,0.081600,0.199800,0.227700,0.049400,0.053700,0.103100,0.182600
1777273710.834418,0.204100,0.092400,0.066600,0.030100,0.178300,0.608000,0.275000,0.038700,0.023600,0.109600,0.285700,0.055900,0.032200,0.015000,0.060200,0.047300,0.036500,0.043000,0.040800,0.249200,0.079500,0.030100,0.036500,0.264300,0.575800,0.195500,0.030100,0.051600,0.060200,0.257800,0.193400,0.053700,0.066600,0.079500,0.199800,0.227700,0.051600,0.051600,0.103100,0.182600
1777273711.316937,0.202000,0.092400,0.068700,0.030100,0.178300,0.597300,0.277100,0.043000,0.038700,0.105300,0.287900,0.045100,0.019300,0.049400,0.075200,0.058000,0.027900,0.036500,0.027900,0.251400,0.077300,0.049400,0.049400,0.268600,0.569300,0.195500,0.030100,0.055900,0.058000,0.257800,0.193400,0.053700,0.058000,0.081600,0.199800,0.227700,0.053700,0.051600,0.105300,0.182600
1777273711.802341,0.204100,0.092400,0.068700,0.030100,0.178300,0.599400,0.277100,0.030100,0.043000,0.107400,0.290000,0.049400,0.027900,0.032200,0.075200,0.055900,0.034400,0.027900,0.032200,0.251400,0.075200,0.051600,0.045100,0.266400,0.569300,0.197700,0.030100,0.053700,0.055900,0.257800,0.193400,0.053700,0.062300,0.081600,0.199800,0.227700,0.053700,0.053700,0.103100,0.182600
1777273712.285736,0.204100,0.094500,0.066600,0.030100,0.178300,0.605900,0.279300,0.045100,0.025800,0.116000,0.294300,0.045100,0.012900,0.017200,0.062300,0.064500,0.025800,0.012900,0.055900,0.251400,0.081600,0.034400,0.034400,0.264300,0.575800,0.195500,0.032200,0.055900,0.051600,0.260000,0.195500,0.055900,0.060200,0.081600,0.199800,0.227700,0.055900,0.049400,0.103100,0.182600
1777273712.770264,0.204100,0.094500,0.068700,0.027900,0.178300,0.608000,0.279300,0.045100,0.036500,0.116000,0.290000,0.021500,0.030100,0.025800,0.055900,0.058000,0.027900,0.030100,0.030100,0.244900,0.085900,0.030100,0.034400,0.257800,0.577900,0.197700,0.030100,0.053700,0.055900,0.257800,0.193400,0.055900,0.058000,0.081600,0.199800,0.227700,0.055900,0.049400,0.103100,0.184800
1777273713.253865,0.204100,0.094500,0.066600,0.030100,0.178300,0.601600,0.275000,0.043000,0.023600,0.107400,0.290000,0.043000,0.030100,0.034400,0.075200,0.058000,0.038700,0.034400,0.025800,0.244900,0.077300,0.049400,0.038700,0.257800,0.573600,0.197700,0.030100,0.060200,0.060200,0.260000,0.193400,0.058000,0.064500,0.081600,0.199800,0.227700,0.058000,0.051600,0.103100,0.182600
1777273713.738181,0.204100,0.094500,0.068700,0.030100,0.178300,0.599400,0.279300,0.040800,0.034400,0.116000,0.292200,0.040800,0.019300,0.023600,0.064500,0.062300,0.021500,0.036500,0.034400,0.249200,0.081600,0.034400,0.036500,0.266400,0.573600,0.195500,0.030100,0.055900,0.051600,0.260000,0.195500,0.055900,0.062300,0.081600,0.199800,0.227700,0.053700,0.053700,0.105300,0.182600
1777273714.221884,0.202000,0.094500,0.068700,0.030100,0.178300,0.612300,0.277100,0.047300,0.038700,0.113900,0.292200,0.032200,0.021500,0.032200,0.058000,0.058000,0.030100,0.034400,0.036500,0.242800,0.085900,0.032200,0.034400,0.257800,0.577900,0.197700,0.032200,0.049400,0.060200,0.257800,0.193400,0.055900,0.058000,0.081600,0.199800,0.227700,0.053700,0.055900,0.103100,0.184800
1777273714.705939,0.202000,0.094500,0.066600,0.027900,0.178300,0.614500,0.275000,0.027900,0.023600,0.111700,0.290000,0.032200,0.025800,0.017200,0.060200,0.047300,0.045100,0.030100,0.038700,0.249200,0.077300,0.027900,0.034400,0.257800,0.577900,0.195500,0.032200,0.053700,0.058000,0.260000,0.193400,0.055900,0.058000,0.081600,0.199800,0.227700,0.055900,0.051600,0.103100,0.182600
1777273715.187559,0.202000,0.094500,0.068700,0.030100,0.178300,0.603700,0.270700,0.051600,0.023600,0.109600,0.287900,0.040800,0.030100,0.043000,0.060200,0.053700,0.038700,0.027900,0.025800,0.251400,0.079500,0.049400,0.047300,0.266400,0.575800,0.195500,0.030100,0.058000,0.055900,0.260000,0.193400,0.055900,0.062300,0.081600,0.199800,0.227700,0.051600,0.053700,0.103100,0.182600
